Unnamed: 0,Unnamed: 1,Unnamed: 2,Unnamed: 3,Unnamed: 4,Unnamed: 5,Unnamed: 6,Unnamed: 7,Unnamed: 8,Unnamed: 9,Unnamed: 10,Unnamed: 11,Unnamed: 12,Unnamed: 13,Unnamed: 14,Unnamed: 15,Unnamed: 16,Unnamed: 17,Unnamed: 18,Unnamed: 19,Unnamed: 20,Unnamed: 21,Unnamed: 22,Unnamed: 23,Unnamed: 24,Unnamed: 25,Unnamed: 26,Unnamed: 27,Unnamed: 28,Unnamed: 29,Unnamed: 30,Unnamed: 31,Unnamed: 32,Unnamed: 33,Unnamed: 34,Unnamed: 35,Unnamed: 36,Unnamed: 37,Unnamed: 38,Unnamed: 39,Unnamed: 40,Unnamed: 41,Unnamed: 42,Unnamed: 43,Unnamed: 44,Unnamed: 45,Unnamed: 46,Unnamed: 47,Unnamed: 48,Unnamed: 49
1,,,,,,,,,,,,,,,,,,,,,,,,,,,,,,,,,,,,,,,,,,,,,,,,,
2,,,,,,,,,,,,,,,,,,,,,,,,,,,,,,,,,,,,,,,,,,,,,,,,,
3,,,,,,,,,,,,,,,,,,,,,,,,,,,,,,,,,,,,,,,,,,,,,,,,,
4,,updated.,,2022. 07. 02,2022. 07. 02,2022. 07. 02,,,,,,,,,,,,,,,,,,,,,,,,,,,,,,,,,,,,,,,,,,,
5,,data period.,,2022. 06. 28 ~ 2022. 07. 02,2022. 06. 28 ~ 2022. 07. 02,2022. 06. 28 ~ 2022. 07. 02,,,,,,,,,,,,,,,,,,,,,,,,,,,,,,,,,,,,,,,,,,,
6,,,,,,,,,,,,,,,,,,,,,,,,,,,,,,,,,,,,,,,,,,,,,,,,,
7,,랭크 전체,,,,,,,,,,,,,,,,,,무기별 상세,무기별 상세,무기별 상세,랭크 전체,랭크 전체,랭크 전체,랭크 전체,랭크 전체,랭크 전체,상위권,상위권,상위권,상위권,상위권,상위권,,방어구별 상세,방어구별 상세,랭크 전체,랭크 전체,랭크 전체,랭크 전체,랭크 전체,랭크 전체,상위권,상위권,상위권,상위권,상위권,상위권
8,,모드,,솔로,,,,,듀오,,,,,스쿼드,,,,,,캐릭터,타입,무기,솔로,빈도,듀오,빈도,스쿼드,빈도,솔로,빈도,듀오,빈도,스쿼드,빈도,,타입,방어구,솔로,픽률,듀오,픽률,스쿼드,픽률,솔로,픽률,듀오,픽률,스쿼드,픽률
9,,캐릭터,숙련도,승률,픽률,평균 킬,평균 순위,MMR효율,승률,픽률,평균 킬,평균 순위,MMR효율,승률,픽률,평균 킬,평균 순위,MMR효율,,평균 승률,,,5.60%,,11.1%,,16.7%,,7.9%,,14.9%,,23.2%,,,평균 승률,,5.6%,,11.1%,,16.7%,,7.9%,,14.9%,,23.2%,
10,,평균,,5.6%,1.4%,0.93,9.4,,11.1%,1.4%,1.46,5.0,,16.7%,1.4%,1.69,3.5,,,아델라,레이피어,듀랜달Mk2,표본 부족,0.3%,표본 부족,0.4%,표본 부족,0.0%,표본 부족,0.0%,표본 부족,0.9%,표본 부족,0.0%,,머리,미스릴투구,26.2%,2.5%,36.7%,2.6%,40.2%,2.6%,31.1%,3.1%,38.4%,2.7%,50.0%,2.3%
11,,아델라,레이피어,5.1%,0.8%,1.17,10.1,0.6,12.3%,0.9%,1.70,5.0,-1.4,14.4%,0.5%,1.77,3.5,-0.1,,,,미스틸테인,표본 부족,1.7%,20.0%,5.0%,표본 부족,7.8%,표본 부족,0.0%,표본 부족,4.9%,표본 부족,0.0%,,,수정티아라,0.5%,14.8%,1.9%,13.1%,5.2%,10.5%,0.3%,10.1%,1.8%,6.7%,9.7%,7.1%
12,,아디나,아르카나,6.9%,1.1%,0.89,9.5,-2.0,12.2%,1.2%,1.44,5.1,0.0,18.0%,1.8%,2.16,3.5,-0.4,,,,볼틱레토,표본 부족,0.1%,표본 부족,0.8%,표본 부족,0.5%,표본 부족,0.0%,표본 부족,0.0%,표본 부족,0.0%,,,오토바이헬멧,0.0%,0.2%,1.3%,0.1%,0.0%,0.1%,0.0%,0.4%,7.7%,0.1%,0.0%,0.1%
13,,아드리아나,투척,5.3%,0.7%,1.08,9.5,2.1,10.7%,1.5%,1.33,4.9,0.3,16.9%,1.9%,1.53,3.4,-0.6,,,,유성검,23.30%,2.4%,21.3%,5.2%,표본 부족,4.2%,표본 부족,1.0%,표본 부족,6.3%,표본 부족,5.4%,,,전술OPS헬멧,1.5%,13.8%,5.5%,13.1%,10.8%,11.6%,1.4%,11.8%,5.8%,9.1%,10.7%,4.8%
14,,에이든,양손검,6.6%,1.4%,0.86,9.4,-0.9,9.9%,1.1%,1.32,5.1,-0.7,13.7%,0.9%,1.59,3.7,0.3,,,,주와이외즈,25.00%,13.6%,26.9%,18.8%,29.1%,24.2%,19.0%,20.2%,32.1%,23.8%,표본 부족,29.7%,,,기사단장의투구,2.3%,1.2%,6.4%,1.9%,14.0%,2.2%,1.3%,0.8%,6.3%,1.4%,19.8%,2.5%
15,,알렉스,4종,8.1%,1.0%,0.82,8.3,-1.0,14.0%,0.7%,1.14,4.6,-1.5,17.1%,1.0%,1.29,3.4,-0.6,,,,레드팬서,표본 부족,1.5%,표본 부족,2.2%,표본 부족,3.3%,표본 부족,0.0%,표본 부족,2.7%,표본 부족,8.1%,,,월계관,14.6%,2.0%,29.8%,2.0%,37.0%,1.7%,16.2%,3.5%,33.7%,3.2%,47.3%,1.4%
16,,아야,권총,7.7%,1.1%,1.09,9.9,1.7,13.4%,2.2%,2.01,5.0,0.6,17.7%,2.1%,2.33,3.4,0.6,,,,에스프리,0.90%,77.3%,7.5%,63.5%,7.0%,53.9%,0.6%,78.4%,14.3%,59.6%,표본 부족,54.1%,,,제국왕관,2.2%,15.0%,8.1%,19.0%,14.0%,21.2%,3.2%,16.2%,9.7%,20.0%,19.1%,23.3%
17,,,돌격 소총,5.5%,2.2%,0.86,10.7,-2.8,9.8%,0.9%,1.50,5.3,-1.7,16.2%,1.0%,1.88,3.6,-0.9,,아디나,아르카나,은둔자,1.50%,15.6%,4.5%,28.6%,12.1%,37.6%,표본 부족,8.1%,표본 부족,17.0%,10.2%,66.2%,,,성기사의투구,3.9%,3.3%,11.6%,2.9%,17.9%,2.4%,1.4%,2.9%,7.2%,3.2%,16.9%,1.3%
18,,,저격총,6.7%,2.3%,1.04,9.7,2.2,12.5%,3.4%,1.64,4.9,1.3,18.2%,4.3%,2.06,3.5,0.3,,,,운명의수레바퀴,표본 부족,0.7%,표본 부족,0.0%,표본 부족,0.1%,표본 부족,0.0%,표본 부족,0.0%,표본 부족,0.0%,,,모호크헬멧,1.8%,0.5%,5.7%,1.1%,10.3%,1.6%,0.0%,0.1%,7.3%,1.2%,13.5%,0.7%
19,,바바라,방망이,6.8%,0.8%,0.91,8.7,2.0,13.7%,0.9%,1.40,4.9,-2.5,18.3%,0.9%,1.61,3.5,-1.6,,,,절제,표본 부족,0.0%,표본 부족,0.1%,표본 부족,0.1%,표본 부족,0.0%,표본 부족,0.0%,표본 부족,0.0%,,,황실부르고넷,1.5%,14.8%,5.4%,20.2%,9.9%,24.4%,4.5%,17.0%,15.5%,27.1%,24.1%,35.9%
20,,버니스,저격총,5.0%,2.5%,1.00,10.9,-0.5,10.2%,2.4%,1.63,5.2,-0.5,15.0%,2.0%,1.96,3.6,0.5,,,,더스타,0.40%,36.2%,4.2%,28.9%,7.6%,19.2%,0.0%,28.4%,2.1%,32.0%,표본 부족,12.2%,,,로빈,0.50%,1.1%,3.2%,0.7%,9.3%,0.8%,0.9%,1.3%,3.9%,0.6%,0.0%,0.4%
21,,비앙카,아르카나,5.2%,1.8%,1.01,9.7,-0.3,12.2%,2.2%,1.42,5.1,-0.9,19.3%,2.3%,1.41,3.4,-0.4,,,,더문,표본 부족,1.3%,표본 부족,1.5%,표본 부족,2.5%,표본 부족,0.5%,표본 부족,2.0%,표본 부족,1.4%,,,비질란테,0.10%,0.4%,2.0%,0.8%,9.7%,0.8%,0.0%,0.1%,5.4%,0.6%,8.1%,0.7%
22,,카밀로,쌍검,6.6%,1.1%,1.07,10.0,0.3,10.8%,0.9%,1.54,5.2,0.1,18.3%,0.7%,1.79,3.7,1.2,,,,여제,15.10%,42.1%,23.5%,40.0%,28.7%,40.0%,18.5%,60.4%,30.6%,49.0%,표본 부족,20.3%,,,다이아뎀,0.80%,8.9%,4.0%,7.5%,8.1%,6.0%,0.7%,10.1%,3.0%,9.0%,9.0%,4.8%
23,,캐시,단검,4.2%,2.6%,0.97,8.2,0.5,12.3%,2.4%,1.52,4.6,1.4,15.4%,1.7%,1.76,3.4,2.0,,아드리아나,투척,연막탄,표본 부족,2.1%,표본 부족,1.7%,표본 부족,2.1%,표본 부족,0.0%,표본 부족,3.3%,표본 부족,0.0%,,,변검,47.4%,0.5%,56.1%,0.6%,52.7%,0.6%,45.1%,0.9%,63.2%,0.9%,66.0%,0.9%
24,,셀린,투척,7.5%,0.9%,0.90,9.9,-2.8,9.7%,0.4%,1.24,5.1,-2.8,17.4%,0.7%,1.61,3.7,-1.4,,,,소이탄,4.90%,64.9%,9.9%,75.1%,14.8%,81.2%,7.2%,52.3%,11.5%,63.9%,12.3%,73.0%,,,천사의고리,31.4%,7.0%,43.0%,4.7%,46.5%,3.6%,30.5%,11.7%,47.0%,7.6%,51.7%,4.1%
25,,키아라,레이피어,5.8%,2.0%,1.09,9.6,1.7,11.0%,1.9%,1.55,5.1,0.2,16.2%,1.5%,1.68,3.5,0.0,,,,다비드슬링,표본 부족,0.0%,표본 부족,0.1%,표본 부족,0.0%,표본 부족,0.0%,표본 부족,0.0%,표본 부족,0.0%,,,빛의증표,15.8%,6.0%,22.7%,8.0%,27.8%,8.9%,15.3%,5.2%,21.6%,4.9%,36.4%,7.4%
26,,클로에,암기,7.1%,1.7%,1.11,8.8,2.4,12.8%,1.4%,1.72,4.8,1.6,18.1%,0.9%,1.90,3.3,1.1,,,,안티오크의수류탄,표본 부족,0.0%,표본 부족,0.0%,표본 부족,0.0%,표본 부족,0.0%,표본 부족,0.0%,표본 부족,0.0%,,,피어나는봉오리,표본 부족,0.0%,표본 부족,0.0%,표본 부족,0.0%,0.0%,0.0%,0.0%,0.0%,0.0%,0.0%
27,,다니엘,단검,5.4%,1.0%,0.89,8.7,-0.6,11.2%,1.0%,2.01,4.7,-0.1,17.4%,0.9%,2.51,3.4,-1.2,,,,루테늄구슬,5.30%,24.3%,15.6%,16.4%,27.4%,9.9%,2.5%,45.9%,20.0%,30.7%,표본 부족,19.0%,,,싱그러운꽃잎,0.0%,0.0%,0.0%,0.1%,0.0%,0.0%,0.0%,0.0%,0.0%,0.1%,0.0%,0.1%
28,,에키온,VF의수,6.9%,0.7%,0.80,9.4,-1.4,11.3%,0.9%,1.36,5.0,0.7,16.1%,0.9%,1.54,3.5,1.8,,,,파이어볼,표본 부족,0.2%,표본 부족,0.2%,표본 부족,1.1%,표본 부족,0.0%,표본 부족,0.0%,표본 부족,3.0%,,,만개하는선율,6.1%,0.1%,13.0%,0.5%,22.0%,1.0%,2.2%,0.3%,14.7%,0.4%,15.1%,1.7%
29,,엘레나,레이피어,4.7%,2.9%,0.69,7.6,-0.7,11.0%,2.3%,0.96,4.7,1.3,16.8%,3.5%,1.03,3.4,0.1,,,,아스트라페,표본 부족,0.9%,표본 부족,0.1%,표본 부족,0.0%,표본 부족,0.0%,표본 부족,0.0%,표본 부족,0.0%,,옷,어사의,표본 부족,0.0%,표본 부족,0.0%,표본 부족,0.0%,0.0%,0.0%,0.0%,0.0%,0.0%,0.0%
30,,일레븐,망치,7.0%,1.1%,0.88,8.5,0.8,8.6%,1.4%,0.91,5.2,-3.2,13.0%,1.6%,0.78,3.8,-1.8,,,,점착폭탄,표본 부족,2.4%,5.5%,3.7%,표본 부족,1.5%,표본 부족,0.0%,표본 부족,0.0%,표본 부족,0.0%,,,석양의갑옷,2.0%,0.2%,2.9%,0.2%,4.7%,0.2%,3.3%,0.3%,0.0%,0.2%,0.0%,0.0%
31,,엠마,암기,7.7%,0.8%,0.68,9.1,-1.7,8.1%,0.7%,1.13,5.1,-3.1,13.9%,0.8%,1.59,3.6,-2.4,,,,프리즘볼,표본 부족,2.3%,표본 부족,1.9%,38.7%,4.2%,표본 부족,1.5%,표본 부족,1.6%,표본 부족,2.0%,,,고위사제복,표본 부족,0.0%,1.9%,0.1%,표본 부족,0.0%,0.0%,0.0%,0.0%,0.1%,0.0%,0.0%
32,,이바,투척,5.5%,0.6%,0.78,9.5,-1.4,10.8%,1.4%,1.29,5.0,-1.7,16.6%,2.1%,1.86,3.5,-0.8,,에이든,양손검,뚜언띠엔,표본 부족,0.3%,표본 부족,0.2%,표본 부족,0.6%,표본 부족,0.0%,표본 부족,0.0%,표본 부족,0.0%,,,광학미채수트,2.7%,15.5%,6.4%,11.5%,10.2%,8.8%,3.2%,13.9%,6.9%,7.4%,13.5%,5.4%
33,,펠릭스,창,3.0%,1.3%,0.90,10.4,-1.6,6.5%,1.2%,1.53,5.4,-0.7,14.2%,0.9%,1.90,3.6,0.8,,,,아론다이트,0.30%,39.3%,2.1%,52.8%,5.1%,49.7%,0.0%,24.4%,표본 부족,29.4%,표본 부족,11.8%,,,락커의자켓,2.4%,6.2%,6.2%,3.9%,9.0%,2.9%,1.8%,9.9%,7.8%,4.9%,9.5%,2.1%
34,,피오라,레이피어,3.6%,0.3%,0.81,10.2,-2.0,9.6%,0.3%,1.59,5.2,1.0,15.7%,0.3%,1.64,3.6,-1.4,,,,엑스칼리버,0.60%,9.9%,1.5%,6.0%,표본 부족,3.8%,표본 부족,8.5%,표본 부족,26.5%,표본 부족,47.1%,,,미스릴갑옷,29.5%,2.7%,34.8%,3.1%,38.8%,3.3%,33.1%,2.7%,30.3%,2.8%,37.5%,3.1%
35,,,창,4.9%,0.7%,0.94,9.6,-1.9,11.9%,1.0%,1.63,5.1,-2.1,17.4%,0.8%,1.64,3.5,-1.6,,,,플라즈마소드,표본 부족,0.0%,표본 부족,0.0%,표본 부족,0.0%,표본 부족,0.0%,표본 부족,0.0%,표본 부족,0.0%,,,성기사의갑옷,1.3%,5.6%,4.6%,5.3%,7.6%,4.1%,2.1%,4.0%,4.7%,3.9%,5.1%,1.2%
36,,,양손검,5.4%,0.2%,0.73,8.9,-2.2,6.5%,0.2%,1.24,5.4,-3.6,6.6%,0.1%,1.17,3.9,-4.4,,,,빛의검,13.30%,4.6%,19.4%,8.6%,34.3%,9.4%,표본 부족,3.3%,표본 부족,17.6%,표본 부족,0.0%,,,아마조네스아머,2.0%,2.3%,5.2%,3.1%,10.4%,3.5%,2.6%,3.7%,5.8%,4.7%,17.3%,5.5%
37,,하트,기타,5.4%,1.1%,0.95,10.9,-1.2,10.4%,1.0%,1.56,5.2,0.3,17.7%,1.2%,2.20,3.5,-1.0,,,,레바테인,11.70%,3.4%,24.2%,6.1%,20.8%,7.4%,표본 부족,1.1%,표본 부족,0.0%,표본 부족,0.0%,,,용의도복,3.3%,4.5%,6.8%,3.6%,9.8%,2.8%,3.4%,4.1%,3.6%,1.6%,7.0%,0.8%
38,,혜진,활,4.3%,1.6%,0.99,10.5,-0.7,11.2%,1.5%,1.45,4.8,0.4,18.6%,1.5%,1.48,3.4,1.4,,,,모노호시자오,3.40%,32.9%,7.3%,18.9%,12.2%,20.6%,4.5%,41.3%,표본 부족,14.7%,표본 부족,23.5%,,,턱시도,2.3%,2.6%,4.9%,2.5%,9.0%,1.9%,4.6%,1.2%,5.0%,1.3%,13.2%,0.7%
39,,,암기,4.0%,0.1%,0.73,9.1,-1.8,16.4%,1.1%,2.10,4.4,0.1,21.6%,1.3%,2.29,3.3,-1.6,,,,호푸어드,표본 부족,0.2%,표본 부족,0.2%,표본 부족,0.4%,표본 부족,0.0%,표본 부족,0.0%,표본 부족,0.0%,,,제사장의예복,2.6%,5.0%,6.2%,5.3%,10.7%,5.3%,2.7%,3.1%,8.7%,3.0%,11.2%,3.5%
40,,현우,톤파,7.3%,1.4%,0.91,8.1,0.5,13.0%,1.2%,1.20,4.7,1.6,19.9%,1.1%,1.26,3.3,2.8,,,,알마스,표본 부족,0.3%,표본 부족,0.3%,표본 부족,0.6%,표본 부족,0.0%,표본 부족,0.0%,표본 부족,0.0%,,,집사복,2.6%,5.7%,5.9%,4.1%,10.5%,3.4%,2.7%,5.8%,5.1%,2.0%,16.2%,2.7%
41,,,글러브,6.5%,2.5%,0.89,9.0,1.5,11.0%,2.9%,1.38,4.9,2.3,16.6%,2.6%,1.65,3.4,2.1,,,,다인슬라이프,54.50%,7.9%,62.2%,6.8%,50.0%,7.3%,59.6%,21.0%,표본 부족,11.8%,표본 부족,17.6%,,,배틀수트,1.4%,1.0%,3.9%,2.8%,8.3%,4.1%,4.1%,0.5%,3.4%,2.7%,11.4%,3.6%
42,,아이솔,돌격 소총,6.2%,2.1%,1.16,10.4,0.7,11.0%,2.4%,1.92,5.0,0.1,15.2%,2.1%,2.00,3.5,-0.2,,알렉스,양손검,뚜언띠엔,표본 부족,1.6%,표본 부족,1.7%,표본 부족,2.7%,표본 부족,1.3%,표본 부족,2.7%,표본 부족,1.7%,,,불꽃드레스,14.3%,4.0%,24.0%,4.0%,31.9%,5.3%,10.9%,5.7%,25.6%,5.8%,37.3%,8.0%
43,,,권총,6.4%,0.5%,1.03,9.8,0.7,13.5%,0.8%,1.87,4.8,1.1,21.3%,1.3%,2.29,3.2,0.9,,,,아론다이트,1.50%,3.0%,표본 부족,2.3%,표본 부족,1.3%,표본 부족,1.8%,표본 부족,1.4%,표본 부족,1.7%,,,EOD수트,2.9%,3.2%,6.6%,3.9%,10.3%,4.7%,4.8%,5.3%,7.5%,5.8%,12.0%,6.2%
44,,재키,도끼,5.7%,1.5%,0.76,8.4,-0.8,9.1%,0.7%,1.40,4.9,-0.9,16.7%,0.5%,1.71,3.4,2.7,,,,엑스칼리버,표본 부족,0.3%,표본 부족,0.1%,표본 부족,0.7%,표본 부족,0.4%,표본 부족,0.7%,표본 부족,0.9%,,,지휘관의갑옷,1.3%,14.2%,5.1%,19.7%,9.7%,21.7%,1.6%,14.8%,6.1%,21.6%,15.1%,26.9%
45,,,양손검,7.0%,0.7%,0.69,8.5,-1.1,14.5%,0.7%,1.71,4.8,0.8,17.1%,0.5%,1.67,3.6,-1.4,,,,플라즈마소드,표본 부족,0.1%,표본 부족,0.0%,표본 부족,0.1%,표본 부족,0.0%,표본 부족,0.0%,표본 부족,0.0%,,,창파오,2.5%,12.0%,5.5%,12.3%,9.8%,10.8%,3.0%,8.9%,4.4%,8.1%,10.8%,7.1%
46,,,쌍검,5.1%,0.6%,0.78,9.5,-0.2,8.2%,0.4%,1.25,5.3,-0.8,12.2%,0.3%,1.69,3.8,0.6,,,,빛의검,표본 부족,0.3%,표본 부족,0.3%,표본 부족,1.3%,표본 부족,0.0%,표본 부족,0.0%,표본 부족,0.0%,,,카바나,20.4%,5.7%,29.8%,9.3%,35.9%,11.6%,24.9%,8.2%,33.7%,13.5%,39.8%,15.7%
47,,,단검,5.5%,0.8%,0.84,9.2,-0.5,10.3%,0.6%,1.60,4.9,0.1,15.9%,0.7%,2.30,3.4,-1.7,,,,레바테인,표본 부족,0.2%,표본 부족,0.4%,표본 부족,1.4%,표본 부족,0.0%,표본 부족,0.0%,표본 부족,0.0%,,,퀸오브하트,46.1%,0.8%,56.7%,0.9%,57.0%,1.0%,46.4%,1.4%,59.4%,1.2%,57.8%,1.3%
48,,얀,글러브,6.2%,1.3%,0.96,9.9,0.0,10.3%,1.0%,1.48,5.2,-0.1,17.2%,0.7%,1.80,3.5,3.1,,,,모노호시자오,7.10%,17.3%,7.6%,13.0%,17.9%,8.8%,3.3%,26.9%,표본 부족,4.7%,표본 부족,2.6%,,,성법의,37.90%,0.4%,43.40%,0.4%,45.80%,0.4%,49.0%,0.8%,49.1%,0.6%,48.1%,0.5%
49,,제니,권총,7.4%,1.4%,0.98,9.6,0.3,12.9%,1.4%,1.80,4.8,1.7,19.8%,1.2%,2.07,3.3,2.5,,,,호푸어드,표본 부족,0.1%,표본 부족,0.1%,표본 부족,0.0%,표본 부족,0.0%,표본 부족,0.0%,표본 부족,0.0%,,,버건디47,59.20%,1.3%,60.40%,1.1%,58.70%,1.1%,58.4%,1.8%,58.9%,1.1%,66.4%,2.7%
50,,요한,아르카나,8.9%,0.1%,0.31,4.7,-1.7,16.3%,0.9%,0.81,4.6,-1.7,20.4%,1.7%,0.71,3.3,-0.7,,,,알마스,표본 부족,0.2%,표본 부족,0.3%,표본 부족,0.5%,표본 부족,0.0%,표본 부족,0.0%,표본 부족,0.9%,,,미스릴크롭,22.50%,0.0%,39.70%,0.3%,39.20%,0.4%,10.0%,0.1%,46.4%,0.8%,40.0%,0.2%
51,,칼라,석궁,6.5%,2.1%,0.92,10.9,-1.2,6.9%,2.0%,1.06,5.7,-4.2,11.5%,2.0%,1.33,3.8,-3.1,,,,다인슬라이프,표본 부족,1.1%,표본 부족,0.4%,표본 부족,0.1%,표본 부족,2.6%,표본 부족,0.7%,표본 부족,0.0%,,,아오자이,표본 부족,0.0%,47.50%,0.3%,48.20%,0.3%,0.0%,0.0%,51.8%,1.3%,50.0%,0.6%
52,,라우라,채찍,3.7%,1.2%,0.70,10.6,-3.8,10.1%,1.2%,1.27,5.4,-1.4,14.8%,0.9%,1.53,3.7,0.0,,,권총,마탄의사수,표본 부족,0.5%,표본 부족,0.4%,표본 부족,0.7%,표본 부족,0.0%,표본 부족,0.7%,표본 부족,0.0%,,,팬텀자켓,17.00%,0.6%,28.00%,2.0%,33.80%,2.4%,25.4%,0.8%,26.4%,4.7%,40.9%,1.7%
53,,레녹스,채찍,7.6%,1.0%,0.86,7.7,0.9,9.8%,1.6%,1.18,5.1,-2.8,17.5%,1.9%,1.51,3.5,0.8,,,,엘레강스,표본 부족,0.2%,표본 부족,0.4%,표본 부족,0.7%,표본 부족,0.0%,표본 부족,0.7%,표본 부족,0.0%,,팔,포이즌드,1.90%,1.5%,4.60%,1.5%,13.10%,1.7%,0.9%,2.6%,4.2%,3.2%,19.5%,3.3%
54,,레온,글러브,6.8%,1.3%,0.78,8.8,-0.8,9.6%,1.5%,1.19,5.0,-1.3,15.2%,1.3%,1.37,3.6,0.6,,,,일렉트론블라스터,1.20%,3.7%,표본 부족,4.3%,표본 부족,4.6%,표본 부족,3.1%,표본 부족,0.0%,표본 부족,4.3%,,,소드스토퍼,2.40%,0.9%,8.10%,2.1%,12.60%,2.8%,1.0%,1.1%,7.4%,3.4%,11.8%,1.5%
55,,리 다이린,글러브,4.6%,1.2%,0.85,9.4,-0.4,7.8%,0.8%,1.36,5.2,0.0,13.8%,0.7%,1.80,3.6,0.0,,,,매그넘-보아,표본 부족,0.5%,표본 부족,1.0%,표본 부족,0.4%,표본 부족,0.0%,표본 부족,2.0%,표본 부족,0.0%,,,드라우프니르,2.10%,16.1%,7.10%,21.9%,13.50%,25.3%,2.5%,14.9%,9.9%,19.6%,17.9%,28.8%
56,,,쌍절곤,4.0%,3.8%,0.92,9.2,0.4,9.8%,2.8%,1.50,5.0,1.1,14.4%,1.9%,1.68,3.5,0.0,,,,글록48,6.10%,7.1%,표본 부족,4.3%,10.6%,6.2%,표본 부족,6.6%,표본 부족,0.7%,표본 부족,2.6%,,,기사의신조,2.00%,16.5%,6.20%,13.7%,10.80%,10.7%,1.4%,18.6%,6.9%,11.8%,12.3%,7.5%
57,,루크,방망이,5.1%,5.8%,1.01,10.0,1.5,10.2%,4.6%,1.57,5.1,1.4,15.0%,3.1%,1.84,3.6,1.3,,,,플라즈마건,표본 부족,0.2%,표본 부족,0.3%,표본 부족,0.1%,표본 부족,0.0%,표본 부족,0.0%,표본 부족,0.0%,,,샤자한의검집,0.90%,2.8%,4.80%,3.1%,8.30%,3.0%,0.5%,2.3%,5.0%,3.8%,9.7%,1.8%
58,,매그너스,방망이,6.1%,1.0%,1.16,8.6,3.0,10.5%,0.5%,1.47,4.8,1.6,21.0%,0.6%,2.03,3.3,-2.3,,,,스탬피드,2.20%,9.8%,13.6%,11.5%,17.9%,8.8%,표본 부족,7.5%,표본 부족,13.5%,표본 부족,12.9%,,,큐브워치,20.90%,1.4%,30.80%,1.2%,37.70%,1.2%,19.2%,1.5%,38.8%,1.2%,41.0%,0.8%
59,,,망치,6.8%,1.5%,1.00,7.8,3.1,14.9%,2.7%,1.48,4.6,2.2,16.3%,2.6%,1.45,3.5,0.3,,,,악켈테,표본 부족,0.5%,표본 부족,1.1%,표본 부족,0.5%,표본 부족,0.4%,표본 부족,0.0%,표본 부족,0.0%,,,바이탈센서,0.00%,1.8%,0.00%,0.5%,0.90%,0.1%,0.0%,0.8%,0.0%,0.1%,0.0%,0.0%
60,,마이,채찍,4.9%,0.8%,0.97,9.3,0.6,13.6%,2.2%,1.16,5.1,-0.9,16.5%,2.1%,1.06,3.6,-0.8,,,암기,미치광이왕의카드,표본 부족,0.3%,표본 부족,0.0%,표본 부족,0.3%,표본 부족,0.0%,표본 부족,0.0%,표본 부족,0.9%,,,아이기스,2.00%,3.7%,6.40%,4.9%,12.50%,6.5%,1.5%,3.8%,7.9%,5.7%,20.4%,6.4%
61,,마커스,도끼,2.7%,0.6%,0.66,10.7,-3.4,5.1%,1.0%,1.05,5.6,-3.1,13.0%,1.1%,1.22,3.7,-1.5,,,,옥전결,10.60%,2.0%,표본 부족,4.3%,12.5%,6.3%,표본 부족,0.0%,표본 부족,1.4%,표본 부족,4.3%,,,레이더,3.30%,23.4%,7.90%,21.0%,13.00%,18.3%,3.3%,21.7%,9.1%,15.6%,17.3%,12.9%
62,,나딘,활,8.6%,0.5%,0.80,9.1,-0.3,15.0%,0.5%,1.54,4.6,1.5,21.7%,0.8%,1.72,3.2,0.9,,,,풍마수리검,표본 부족,0.1%,표본 부족,0.0%,표본 부족,0.0%,표본 부족,0.0%,표본 부족,0.0%,표본 부족,0.0%,,,틴달로스의팔찌,1.60%,0.8%,8.00%,1.5%,14.10%,2.4%,2.8%,1.0%,5.8%,1.4%,22.5%,3.7%
63,,,석궁,6.2%,0.4%,0.70,9.9,-1.9,9.5%,0.2%,1.20,5.2,-4.5,15.0%,0.2%,1.47,3.4,-1.3,,,,빙백은침,표본 부족,0.0%,표본 부족,0.0%,표본 부족,0.0%,표본 부족,0.0%,표본 부족,0.0%,표본 부족,0.0%,,,나이팅게일,0.00%,0.0%,6.90%,0.1%,16.10%,0.4%,0.0%,0.0%,20.0%,0.1%,16.7%,0.8%
64,,나타폰,카메라,4.2%,0.7%,0.88,10.1,-2.4,11.9%,1.2%,1.97,5.1,-0.3,16.2%,0.9%,2.44,3.6,0.6,,,,푸른색단도,표본 부족,0.0%,표본 부족,0.3%,표본 부족,0.3%,표본 부족,0.0%,표본 부족,0.7%,표본 부족,0.0%,,,미스릴방패,27.80%,5.3%,37.90%,4.9%,42.30%,4.4%,26.9%,9.2%,41.6%,7.5%,49.9%,6.6%
65,,니키,글러브,4.4%,2.8%,0.90,8.5,-0.1,9.4%,2.8%,1.07,5.0,-1.5,16.1%,2.5%,1.19,3.5,0.0,,,,플레솃,11.30%,9.6%,14.3%,6.0%,11.6%,5.6%,표본 부족,8.4%,표본 부족,3.4%,표본 부족,0.0%,,,플라즈마아크,1.50%,8.6%,4.90%,9.2%,10.00%,8.0%,1.3%,5.2%,5.6%,7.0%,14.2%,4.1%
66,,프리야,기타,5.0%,0.1%,0.88,8.5,1.9,11.3%,0.6%,1.32,5.0,-2.6,21.0%,1.0%,1.36,3.4,-1.2,,,,건곤권,5.00%,10.4%,19.8%,15.0%,14.6%,11.6%,표본 부족,7.0%,37.5%,27.0%,표본 부족,12.9%,,,텔루리안타임피스,37.50%,0.8%,42.30%,0.6%,46.90%,0.6%,38.3%,1.2%,56.3%,0.8%,52.6%,1.1%
67,,리오,활,5.8%,3.1%,0.65,9.9,-2.9,7.6%,2.6%,1.20,5.3,-2.1,13.5%,3.3%,1.48,3.7,-1.6,,,,생사부,표본 부족,0.3%,표본 부족,1.0%,표본 부족,1.3%,표본 부족,0.4%,표본 부족,2.0%,표본 부족,0.9%,,,스마트밴드,1.60%,2.6%,6.20%,4.3%,11.90%,4.9%,1.8%,2.9%,7.2%,6.1%,15.0%,7.6%
68,,로지,권총,5.3%,2.7%,0.96,10.6,-0.3,9.9%,2.3%,1.67,5.4,0.7,17.4%,2.2%,2.42,3.5,1.5,,,,수다르사나,44.70%,3.7%,표본 부족,2.8%,표본 부족,3.7%,표본 부족,4.8%,표본 부족,0.7%,표본 부족,4.3%,,,오토암즈,37.1%,3.2%,47.0%,2.4%,47.5%,2.0%,39.9%,5.2%,52.6%,3.7%,50.4%,2.2%
69,,쇼이치,단검,4.8%,3.6%,1.01,9.4,-0.3,12.7%,1.6%,1.74,4.8,2.9,15.6%,1.3%,1.98,3.5,2.4,,,,만천화우,28.60%,2.4%,표본 부족,0.1%,표본 부족,0.4%,표본 부족,5.3%,표본 부족,0.7%,표본 부족,0.0%,,,스카디의팔찌,18.3%,3.3%,33.0%,5.6%,37.2%,7.0%,22.1%,3.5%,33.2%,6.7%,42.7%,9.2%
70,,실비아,권총,5.3%,1.2%,0.80,8.6,-1.8,15.7%,0.8%,1.54,4.5,2.0,21.5%,0.8%,1.73,3.3,1.2,,,톤파,택티컬톤파,5.00%,14.8%,11.4%,18.7%,15.2%,13.0%,표본 부족,15.4%,14.3%,33.1%,표본 부족,19.0%,,,프로미넌스,34.2%,0.3%,51.4%,0.5%,58.9%,0.6%,36.0%,0.6%,57.3%,0.9%,54.7%,1.3%
71,,시셀라,암기,6.4%,1.7%,0.97,10.2,-1.0,13.6%,2.3%,1.75,5.0,-0.4,19.5%,2.9%,2.27,3.4,-0.7,,,,마이쏙,표본 부족,0.9%,표본 부족,2.1%,표본 부족,3.5%,표본 부족,0.0%,표본 부족,0.0%,표본 부족,2.6%,,다리,경량화부츠,2.9%,17.3%,7.7%,16.1%,12.4%,15.9%,3.5%,15.9%,8.5%,15.4%,17.0%,14.5%
72,,,투척,3.0%,0.3%,0.91,11.1,-5.4,13.4%,0.3%,1.91,5.2,0.7,17.4%,0.3%,2.06,3.5,2.1,,,,플라즈마톤파,3.70%,2.3%,표본 부족,4.1%,14.8%,10.6%,표본 부족,0.0%,표본 부족,0.7%,표본 부족,25.0%,,,매버릭러너,2.1%,7.5%,6.9%,6.6%,12.3%,5.8%,2.7%,12.2%,9.6%,11.4%,18.1%,8.1%
73,,수아,망치,5.0%,5.0%,1.00,9.1,1.2,10.4%,4.9%,1.31,4.9,0.4,15.1%,4.8%,1.50,3.6,0.0,,,,윈드러너,표본 부족,0.0%,표본 부족,0.1%,표본 부족,0.7%,표본 부족,0.0%,표본 부족,0.0%,표본 부족,0.0%,,,풍화륜,0.9%,5.9%,4.5%,10.3%,8.1%,12.2%,0.4%,3.1%,4.0%,7.4%,10.2%,10.8%
74,,띠아,방망이,3.9%,0.7%,0.76,8.9,-1.9,11.1%,1.5%,1.48,4.8,0.2,15.9%,2.0%,2.02,3.6,-1.4,,,,흑요석짓테,표본 부족,0.0%,표본 부족,0.3%,표본 부족,0.3%,표본 부족,0.0%,표본 부족,0.7%,표본 부족,0.9%,,,미스릴부츠,30.2%,2.2%,38.9%,1.8%,43.8%,2.0%,32.6%,2.9%,40.8%,2.2%,52.1%,3.2%
75,,윌리엄,투척,7.0%,1.1%,0.88,9.7,-1.5,14.0%,1.4%,1.73,5.0,-2.1,18.9%,1.7%,1.89,3.6,-3.2,,아야,권총,마탄의사수,24.50%,2.1%,24.2%,5.6%,31.7%,7.7%,표본 부족,0.0%,표본 부족,1.1%,표본 부족,9.1%,,,부케팔로스,2.1%,23.3%,6.4%,21.9%,11.3%,17.2%,2.0%,17.5%,6.8%,15.7%,14.3%,11.1%
76,,쇼우,창,8.3%,1.2%,0.81,8.4,0.7,13.7%,0.5%,1.03,4.7,-0.6,22.9%,0.5%,1.18,3.2,0.0,,,,엘레강스,2.20%,1.8%,7.0%,1.9%,표본 부족,1.0%,표본 부족,0.0%,표본 부족,3.7%,표본 부족,0.5%,,,EOD부츠,2.0%,5.8%,7.0%,8.6%,13.3%,10.5%,1.6%,8.9%,7.3%,12.7%,17.8%,15.8%
77,,,단검,3.1%,0.1%,0.57,9.4,-4.1,7.7%,0.0%,0.54,4.5,2.7,5.9%,0.0%,0.35,3.9,-3.4,,,,일렉트론블라스터,표본 부족,0.2%,표본 부족,0.1%,표본 부족,0.0%,표본 부족,0.0%,표본 부족,0.0%,표본 부족,0.0%,,,SCV,2.7%,0.3%,6.4%,0.5%,13.6%,0.5%,0.0%,0.1%,3.1%,0.4%,14.3%,0.1%
78,,유키,양손검,5.0%,4.2%,0.96,8.8,1.6,10.3%,3.5%,1.32,4.9,1.1,15.1%,3.2%,1.40,3.5,1.2,,,,매그넘-보아,1.10%,21.6%,3.2%,11.3%,8.1%,8.2%,0.0%,17.7%,1.4%,19.4%,표본 부족,4.3%,,,클링온부츠,3.5%,11.2%,7.1%,9.4%,10.7%,8.2%,4.2%,10.2%,7.8%,4.4%,10.6%,3.7%
79,,,쌍검,4.0%,1.7%,0.99,10.1,1.1,9.2%,1.9%,1.67,5.1,0.7,13.1%,1.3%,1.89,3.6,-1.0,,,,글록48,1.70%,43.2%,5.9%,58.9%,11.8%,60.9%,1.7%,44.5%,8.2%,44.4%,11.1%,56.3%,,,타키온브레이스,1.6%,7.9%,5.8%,8.3%,11.5%,9.2%,1.4%,7.1%,7.1%,7.8%,12.5%,7.3%
80,,자히르,투척,6.0%,0.2%,0.98,10.3,1.3,15.3%,0.3%,1.87,5.0,4.9,19.9%,0.3%,2.06,3.4,2.0,,,,플라즈마건,표본 부족,0.1%,표본 부족,1.5%,표본 부족,0.0%,표본 부족,0.0%,표본 부족,9.6%,표본 부족,0.0%,,,탭루트,33.7%,0.2%,41.7%,0.3%,47.9%,0.3%,36.6%,0.5%,45.5%,0.5%,50.0%,0.4%
81,,,암기,9.7%,0.8%,1.26,9.4,2.4,12.0%,0.6%,1.68,4.9,0.4,23.7%,0.4%,2.46,3.3,4.1,,,,스탬피드,표본 부족,1.2%,표본 부족,1.6%,표본 부족,1.8%,표본 부족,0.0%,표본 부족,1.1%,표본 부족,0.0%,,,아이언메이든,20.1%,0.6%,33.1%,0.7%,38.7%,0.9%,18.1%,1.0%,30.2%,1.1%,39.7%,1.1%
82,,*MMR 효율: 랭크 대전 한 판 당 다른 캐릭터/무기에 비해 얼마나 더 많은 MMR을 얻는가에 대한 평균값입니다. (캐릭터/무기의 평균 획득 MMR - 전체 평균 획득 MMR),*MMR 효율: 랭크 대전 한 판 당 다른 캐릭터/무기에 비해 얼마나 더 많은 MMR을 얻는가에 대한 평균값입니다. (캐릭터/무기의 평균 획득 MMR - 전체 평균 획득 MMR),*MMR 효율: 랭크 대전 한 판 당 다른 캐릭터/무기에 비해 얼마나 더 많은 MMR을 얻는가에 대한 평균값입니다. (캐릭터/무기의 평균 획득 MMR - 전체 평균 획득 MMR),*MMR 효율: 랭크 대전 한 판 당 다른 캐릭터/무기에 비해 얼마나 더 많은 MMR을 얻는가에 대한 평균값입니다. (캐릭터/무기의 평균 획득 MMR - 전체 평균 획득 MMR),*MMR 효율: 랭크 대전 한 판 당 다른 캐릭터/무기에 비해 얼마나 더 많은 MMR을 얻는가에 대한 평균값입니다. (캐릭터/무기의 평균 획득 MMR - 전체 평균 획득 MMR),*MMR 효율: 랭크 대전 한 판 당 다른 캐릭터/무기에 비해 얼마나 더 많은 MMR을 얻는가에 대한 평균값입니다. (캐릭터/무기의 평균 획득 MMR - 전체 평균 획득 MMR),*MMR 효율: 랭크 대전 한 판 당 다른 캐릭터/무기에 비해 얼마나 더 많은 MMR을 얻는가에 대한 평균값입니다. (캐릭터/무기의 평균 획득 MMR - 전체 평균 획득 MMR),*MMR 효율: 랭크 대전 한 판 당 다른 캐릭터/무기에 비해 얼마나 더 많은 MMR을 얻는가에 대한 평균값입니다. (캐릭터/무기의 평균 획득 MMR - 전체 평균 획득 MMR),*MMR 효율: 랭크 대전 한 판 당 다른 캐릭터/무기에 비해 얼마나 더 많은 MMR을 얻는가에 대한 평균값입니다. (캐릭터/무기의 평균 획득 MMR - 전체 평균 획득 MMR),*MMR 효율: 랭크 대전 한 판 당 다른 캐릭터/무기에 비해 얼마나 더 많은 MMR을 얻는가에 대한 평균값입니다. (캐릭터/무기의 평균 획득 MMR - 전체 평균 획득 MMR),*MMR 효율: 랭크 대전 한 판 당 다른 캐릭터/무기에 비해 얼마나 더 많은 MMR을 얻는가에 대한 평균값입니다. (캐릭터/무기의 평균 획득 MMR - 전체 평균 획득 MMR),*MMR 효율: 랭크 대전 한 판 당 다른 캐릭터/무기에 비해 얼마나 더 많은 MMR을 얻는가에 대한 평균값입니다. (캐릭터/무기의 평균 획득 MMR - 전체 평균 획득 MMR),*MMR 효율: 랭크 대전 한 판 당 다른 캐릭터/무기에 비해 얼마나 더 많은 MMR을 얻는가에 대한 평균값입니다. (캐릭터/무기의 평균 획득 MMR - 전체 평균 획득 MMR),*MMR 효율: 랭크 대전 한 판 당 다른 캐릭터/무기에 비해 얼마나 더 많은 MMR을 얻는가에 대한 평균값입니다. (캐릭터/무기의 평균 획득 MMR - 전체 평균 획득 MMR),*MMR 효율: 랭크 대전 한 판 당 다른 캐릭터/무기에 비해 얼마나 더 많은 MMR을 얻는가에 대한 평균값입니다. (캐릭터/무기의 평균 획득 MMR - 전체 평균 획득 MMR),*MMR 효율: 랭크 대전 한 판 당 다른 캐릭터/무기에 비해 얼마나 더 많은 MMR을 얻는가에 대한 평균값입니다. (캐릭터/무기의 평균 획득 MMR - 전체 평균 획득 MMR),*MMR 효율: 랭크 대전 한 판 당 다른 캐릭터/무기에 비해 얼마나 더 많은 MMR을 얻는가에 대한 평균값입니다. (캐릭터/무기의 평균 획득 MMR - 전체 평균 획득 MMR),,,,악켈테,31.80%,19.1%,43.6%,18.3%,35.9%,19.5%,28.7%,35.5%,43.1%,20.2%,29.0%,29.8%,,,글레이셜슈즈,16.0%,6.6%,28.7%,10.8%,35.5%,13.6%,13.9%,8.7%,34.8%,13.2%,41.6%,18.1%
83,,,,,,,,,,,,,,,,,,,,,돌격 소총,AK-12,표본 부족,0.7%,표본 부족,1.4%,표본 부족,1.7%,표본 부족,0.0%,표본 부족,2.0%,표본 부족,0.0%,,,헤르메스의부츠,39.5%,2.8%,48.9%,2.0%,50.7%,1.8%,41.3%,5.5%,53.3%,3.8%,56.3%,3.0%
84,,,,,,,,,,,,,,,,,,,,,,XCR,표본 부족,0.1%,표본 부족,0.1%,표본 부족,0.0%,표본 부족,0.0%,표본 부족,0.0%,표본 부족,0.0%,,,분홍신,55.8%,1.5%,62.5%,1.3%,59.1%,1.2%,49.1%,2.5%,65.4%,1.8%,66.2%,1.3%
85,,상위권,,TOP 1000 (상위 3%),,,,,,,,,,,,,,,,,,95식자동소총,표본 부족,0.0%,표본 부족,0.5%,표본 부족,0.0%,표본 부족,0.0%,표본 부족,0.0%,표본 부족,0.0%,,장식,궁기병의화살통,1.3%,14.0%,4.6%,12.6%,8.0%,11.0%,1.0%,9.8%,3.5%,8.0%,6.9%,6.0%
86,,구분,,솔로,,,,,듀오,,,,,스쿼드,,,,,,,,아그니,0.80%,80.5%,2.7%,72.4%,6.4%,64.8%,1.6%,74.6%,표본 부족,56.0%,표본 부족,65.5%,,,저격스코프,0.0%,0.0%,표본 부족,0.0%,표본 부족,0.0%,0.0%,0.0%,0.0%,0.0%,0.0%,0.0%
87,,캐릭터,숙련도,승률,픽률,평균 킬,평균 순위,MMR효율,승률,픽률,평균 킬,평균 순위,MMR효율,승률,픽률,평균 킬,평균 순위,MMR효율,,,,저지먼트,33.00%,14.9%,32.0%,24.3%,36.3%,33.0%,27.5%,23.7%,표본 부족,42.0%,표본 부족,34.5%,,,우치와,1.9%,1.8%,5.6%,3.4%,9.6%,4.3%,2.4%,0.9%,3.1%,2.2%,7.1%,3.6%
88,,평균,,7.9%,1.4%,1.11,8.7,,14.9%,1.4%,1.82,4.6,,23.2%,1.4%,2.06,3.2,,,,저격총,Tac-50,표본 부족,0.4%,표본 부족,0.3%,표본 부족,0.8%,표본 부족,0.0%,표본 부족,0.0%,표본 부족,0.0%,,,슈뢰딩거의상자,3.9%,1.4%,8.3%,2.3%,14.9%,2.4%,4.4%,1.0%,6.9%,2.1%,21.4%,1.9%
89,,아델라,레이피어,4.3%,1.2%,1.28,9.5,-1.0,20.6%,2.5%,2.15,4.6,-0.5,16.2%,0.7%,2.24,3.4,0.7,,,,인터벤션,0.90%,59.2%,5.2%,61.0%,9.8%,51.1%,표본 부족,51.4%,표본 부족,79.4%,2.1%,69.1%,,,진리는나의빛,2.5%,3.0%,6.6%,3.8%,12.1%,5.1%,1.7%,2.0%,6.0%,2.1%,12.1%,4.8%
90,,아디나,아르카나,11.7%,2.1%,1.30,9.3,-0.3,17.7%,1.7%,1.97,4.8,0.0,14.9%,1.4%,2.57,3.5,-1.7,,,,NTW-20,0.20%,9.6%,3.2%,6.4%,7.6%,6.7%,표본 부족,0.0%,표본 부족,2.9%,표본 부족,2.9%,,,요명월,18.3%,0.3%,34.9%,0.4%,44.2%,0.4%,13.6%,0.6%,44.6%,1.0%,51.6%,0.6%
91,,아드리아나,투척,5.6%,1.5%,1.32,7.6,1.9,14.3%,2.8%,1.45,4.6,0.0,16.0%,2.0%,1.45,3.2,-0.4,,,,폴라리스,7.00%,1.6%,표본 부족,0.7%,13.6%,1.3%,표본 부족,28.4%,표본 부족,0.0%,표본 부족,0.0%,,,에메랄드타블렛,32.8%,1.7%,43.5%,1.3%,49.1%,1.2%,29.0%,1.5%,39.4%,1.1%,67.8%,2.3%
92,,에이든,양손검,15.5%,1.5%,1.39,8.4,1.2,14.7%,0.4%,2.35,4.2,2.6,17.6%,0.3%,1.65,3.4,0.8,,,,사사성광,22.70%,26.0%,29.6%,29.9%,31.4%,38.4%,표본 부족,20.3%,표본 부족,17.6%,표본 부족,27.9%,,,달빛펜던트,23.0%,3.0%,31.9%,2.2%,38.3%,1.7%,22.2%,3.0%,35.4%,2.0%,40.0%,1.1%
93,,알렉스,4종,8.8%,1.3%,0.97,8.3,0.8,20.9%,1.7%,1.47,4.0,2.0,20.7%,2.3%,1.47,3.2,0.0,,,,현자총통,21.40%,0.8%,14.6%,1.2%,23.8%,1.2%,표본 부족,0.0%,표본 부족,0.0%,표본 부족,0.0%,,,백우선,3.0%,17.4%,7.8%,20.5%,12.9%,20.4%,3.1%,19.0%,7.8%,20.6%,12.7%,19.5%
94,,아야,권총,10.9%,1.5%,1.32,9.0,-0.7,13.5%,4.0%,2.14,5.0,-1.3,18.3%,4.1%,2.79,3.3,0.7,,바바라,방망이,구원의여신상,표본 부족,0.1%,표본 부족,0.1%,표본 부족,0.4%,표본 부족,0.0%,표본 부족,0.0%,표본 부족,0.0%,,,탄창,0.5%,0.2%,0.8%,0.3%,2.1%,0.2%,0.0%,0.1%,0.0%,0.2%,0.0%,0.1%
95,,,돌격 소총,7.7%,0.9%,0.96,10.7,-2.8,14.0%,0.6%,1.26,5.0,-2.1,16.4%,1.1%,3.53,3.3,0.6,,,,타구봉,표본 부족,1.5%,표본 부족,1.4%,표본 부족,0.3%,표본 부족,0.0%,표본 부족,0.0%,표본 부족,0.0%,,,운명의꽃,0.0%,0.3%,0.0%,0.2%,1.4%,0.1%,0.0%,0.1%,0.0%,0.1%,0.0%,0.0%
96,,,저격총,6.8%,0.4%,0.89,11.0,-1.2,8.8%,0.4%,1.18,5.3,-3.3,11.8%,1.3%,2.01,3.6,-4.1,,,,스파이의우산,2.80%,34.0%,13.9%,21.1%,8.9%,24.4%,0.0%,26.6%,12.2%,21.1%,표본 부족,9.5%,,,월왕구천,2.2%,8.0%,7.5%,10.9%,13.1%,12.1%,1.5%,11.6%,7.7%,17.9%,17.2%,18.1%
97,,바바라,방망이,8.0%,1.1%,1.15,8.1,2.1,19.8%,2.6%,1.81,4.5,-0.1,33.8%,1.4%,2.15,2.8,2.9,,,,마법봉,18.50%,5.1%,표본 부족,2.8%,표본 부족,4.2%,표본 부족,4.5%,표본 부족,0.4%,표본 부족,4.1%,,,해적의증표,1.9%,13.3%,5.3%,9.9%,9.3%,7.1%,1.0%,9.2%,4.1%,4.7%,9.6%,3.5%
98,,버니스,저격총,6.5%,0.5%,1.22,9.6,-1.7,6.1%,0.7%,1.56,5.4,-3.2,17.1%,0.7%,1.54,3.4,-0.7,,,,팔괘장,11.80%,8.4%,표본 부족,4.0%,표본 부족,3.0%,13.0%,27.1%,표본 부족,7.8%,표본 부족,5.4%,,,호크아이,1.3%,1.2%,3.9%,0.9%,9.8%,0.8%,1.2%,1.0%,5.9%,1.0%,16.1%,0.6%
99,,비앙카,아르카나,9.3%,2.3%,1.24,8.9,1.4,19.2%,3.0%,2.02,4.6,-1.1,23.3%,3.4%,1.55,3.3,-0.9,,,,금강저,6.10%,40.7%,10.3%,65.5%,19.1%,64.6%,2.9%,35.2%,19.2%,62.9%,32.2%,79.7%,,,먼지털이개,0.0%,0.4%,0.0%,0.1%,표본 부족,0.0%,0.0%,0.1%,0.0%,0.1%,0.0%,0.0%
100,,카밀로,쌍검,12.4%,0.9%,1.70,10.1,4.0,16.0%,1.1%,1.44,5.1,-1.1,66.7%,0.1%,4.33,1.7,24.4,,,,여의봉,24.50%,5.9%,표본 부족,3.9%,표본 부족,2.4%,표본 부족,5.5%,표본 부족,6.9%,표본 부족,0.0%,,,해적깃발,2.1%,8.8%,6.2%,6.5%,11.3%,5.1%,1.0%,9.5%,3.3%,5.1%,16.8%,1.9%
101,,캐시,단검,4.6%,4.7%,1.04,8.0,0.8,17.1%,2.9%,1.97,4.2,1.7,8.9%,0.9%,1.73,3.5,0.0,,버니스,저격총,Tac-50,2.50%,7.7%,3.4%,10.7%,11.9%,11.0%,표본 부족,1.1%,표본 부족,12.1%,표본 부족,17.1%,,,능동위장,2.4%,2.2%,7.8%,4.7%,14.8%,7.5%,2.6%,2.4%,8.4%,5.2%,21.8%,7.7%
102,,셀린,투척,32.9%,0.4%,2.46,6.9,6.9,10.5%,0.2%,1.84,3.9,-2.1,38.0%,1.4%,2.25,2.9,5.2,,,,인터벤션,표본 부족,0.0%,표본 부족,0.0%,표본 부족,0.0%,표본 부족,0.0%,표본 부족,0.0%,표본 부족,0.0%,,,오르골,0.8%,1.9%,5.2%,1.9%,10.1%,2.1%,0.2%,2.4%,4.6%,1.5%,10.4%,0.9%
103,,키아라,레이피어,7.5%,2.1%,1.34,8.3,0.5,11.6%,3.1%,1.94,4.8,-1.3,22.3%,2.0%,2.02,3.2,1.7,,,,NTW-20,표본 부족,0.1%,표본 부족,0.2%,표본 부족,0.2%,표본 부족,0.0%,표본 부족,0.0%,표본 부족,0.0%,,,마도서,2.4%,0.5%,7.3%,0.9%,13.8%,1.5%,3.4%,0.7%,6.7%,0.5%,12.9%,1.2%
104,,클로에,암기,6.2%,1.8%,1.08,8.7,-0.2,11.6%,1.9%,2.14,4.7,1.1,27.9%,0.8%,2.28,2.9,1.1,,,,폴라리스,2.90%,68.1%,5.4%,57.4%,9.6%,52.5%,4.3%,76.1%,표본 부족,51.5%,표본 부족,60.0%,,,아이테르깃털,1.9%,6.4%,4.6%,6.0%,8.7%,4.6%,1.9%,6.2%,4.1%,5.2%,7.4%,3.7%
105,,다니엘,단검,5.3%,2.2%,1.04,8.0,0.4,11.2%,2.4%,2.38,4.4,1.7,27.3%,1.7%,3.06,2.8,2.4,,,,사사성광,표본 부족,0.0%,표본 부족,0.1%,표본 부족,0.2%,표본 부족,0.0%,표본 부족,0.0%,표본 부족,0.0%,,,미스릴퀴버,26.8%,4.0%,33.8%,4.7%,37.5%,5.7%,27.3%,7.7%,35.2%,5.8%,37.5%,7.0%
106,,에키온,VF의수,14.9%,0.7%,1.28,7.8,-0.2,8.2%,0.6%,1.49,5.1,-3.8,9.5%,0.4%,1.86,3.0,0.1,,,,현자총통,14.90%,18.8%,21.7%,30.9%,24.3%,35.4%,표본 부족,20.7%,표본 부족,34.8%,표본 부족,22.9%,,,파초선,49.6%,0.7%,57.2%,0.6%,57.2%,0.5%,49.8%,1.5%,53.1%,0.7%,45.5%,0.6%
107,,엘레나,레이피어,3.6%,2.9%,0.82,7.3,-0.3,10.0%,0.8%,1.10,4.6,-0.7,18.9%,1.8%,1.01,3.3,-1.8,,비앙카,아르카나,은둔자,7.30%,6.1%,11.5%,3.5%,18.2%,2.4%,표본 부족,7.1%,표본 부족,1.1%,표본 부족,1.7%,,,쿤달라,28.6%,0.3%,표본 부족,0.0%,표본 부족,0.0%,28.2%,0.4%,0.0%,0.0%,0.0%,0.0%
108,,일레븐,망치,10.3%,0.4%,0.99,6.7,2.4,12.9%,1.3%,1.18,4.7,-1.4,20.8%,1.0%,1.09,3.1,-0.1,,,,운명의수레바퀴,표본 부족,0.1%,표본 부족,0.1%,표본 부족,0.0%,표본 부족,0.0%,표본 부족,0.0%,표본 부족,0.0%,,,호루스의눈,15.9%,0.7%,33.3%,0.8%,39.2%,0.8%,12.6%,1.0%,35.1%,1.3%,33.3%,1.0%
109,,엠마,암기,17.9%,0.6%,1.05,8.3,-0.5,8.3%,0.7%,1.48,4.4,-0.8,0.0%,0.3%,1.54,3.9,-2.9,,,,절제,표본 부족,0.0%,표본 부족,0.0%,표본 부족,0.0%,표본 부족,0.0%,표본 부족,0.0%,표본 부족,0.0%,,,살라딘의화살통Mk2,표본 부족,0.0%,28.8%,0.7%,36.3%,0.7%,0.0%,0.0%,32.9%,0.9%,52.2%,0.5%
110,,이바,투척,11.1%,0.2%,1.74,8.1,2.1,22.2%,0.7%,2.27,4.3,2.2,23.1%,1.3%,2.69,3.3,1.8,,,,더스타,1.00%,68.9%,4.6%,64.4%,10.4%,58.0%,1.3%,56.5%,6.7%,50.6%,17.6%,58.0%,,,쿤달라Mk2,표본 부족,0.0%,41.7%,0.4%,45.0%,0.4%,0.0%,0.0%,46.3%,0.5%,56.7%,0.6%
111,,펠릭스,창,5.6%,1.0%,1.09,10.0,-0.9,7.0%,0.5%,1.88,5.2,-1.1,18.2%,0.2%,3.45,3.5,6.3,,,,더문,17.50%,11.3%,24.3%,10.9%,30.5%,12.7%,22.1%,18.9%,표본 부족,10.6%,표본 부족,8.0%,,,살라딘의화살통,20.4%,0.6%,표본 부족,0.0%,표본 부족,0.0%,22.7%,0.7%,0.0%,0.0%,0.0%,0.0%
112,,피오라,레이피어,3.7%,0.2%,0.74,11.0,-5.8,0.0%,0.0%,1.50,4.5,1.3,21.4%,0.3%,1.93,3.8,-2.9,,,,여제,17.30%,12.1%,30.1%,20.6%,33.6%,26.7%,23.2%,17.0%,35.4%,37.4%,33.3%,32.4%,,,네크로노미콘,46.3%,2.0%,62.4%,2.7%,64.6%,3.4%,45.3%,4.5%,61.6%,6.5%,65.4%,7.1%
113,,,창,5.9%,1.4%,1.22,9.2,-3.1,19.6%,2.2%,2.25,4.5,0.6,31.0%,2.3%,2.14,2.9,1.7,,카밀로,쌍검,이천일류,3.60%,80.8%,7.1%,78.1%,15.4%,81.9%,5.9%,79.9%,12.8%,83.0%,표본 부족,100.0%,,,아티팩트,표본 부족,0.0%,0.361,0.8%,0.405,0.9%,0.0%,0.0%,38.2%,2.9%,44.3%,5.0%
114,,,양손검,6.9%,0.6%,0.85,7.2,-0.4,0.0%,0.1%,1.20,5.4,-3.9,0.0%,0.0%,0.00,0.0,-4.6,,,,자웅일대검,20.40%,3.7%,30.2%,7.0%,표본 부족,7.4%,표본 부족,4.7%,표본 부족,2.1%,표본 부족,0.0%,,,,,,,,,,,,,,,
115,,하트,기타,8.4%,1.5%,1.09,10.4,-2.3,27.0%,0.7%,2.75,4.4,4.2,26.1%,2.2%,3.24,3.1,-0.7,,,,디오스쿠로이,1.80%,4.5%,1.6%,6.9%,표본 부족,3.0%,표본 부족,0.6%,표본 부족,10.6%,표본 부족,0.0%,,,,,,,,,,,,,,,
116,,혜진,활,6.0%,2.1%,1.37,9.6,0.2,11.5%,1.4%,2.00,4.5,0.4,35.7%,2.5%,1.85,2.7,-0.1,,,,로이거 차르,표본 부족,0.0%,표본 부족,0.3%,표본 부족,0.2%,표본 부족,0.0%,표본 부족,1.1%,표본 부족,0.0%,,,,,,,,,,,,,,,
117,,,암기,0.0%,0.0%,1.75,7.3,10.7,20.1%,3.6%,2.36,4.2,1.6,31.4%,4.6%,2.50,2.9,-0.4,,,,아수라,표본 부족,0.1%,표본 부족,0.4%,표본 부족,0.0%,표본 부족,0.0%,표본 부족,0.0%,표본 부족,0.0%,,,,,,,,,,,,,,,
118,,현우,톤파,6.3%,3.6%,0.99,8.2,0.9,12.1%,0.7%,1.59,4.0,1.8,27.3%,0.2%,1.91,3.4,1.8,,,,간장과막야,33.80%,8.5%,41.9%,6.9%,표본 부족,7.4%,표본 부족,13.6%,표본 부족,3.2%,표본 부족,0.0%,,,,,,,,,,,,,,,
119,,,글러브,3.8%,0.7%,0.70,9.3,-2.2,5.1%,0.4%,1.00,5.1,-3.4,30.6%,0.7%,1.69,2.4,3.2,,캐시,단검,카른웬난,7.60%,1.5%,표본 부족,0.6%,표본 부족,0.2%,표본 부족,3.3%,표본 부족,0.0%,표본 부족,0.0%,,,,,,,,,,,,,,,
120,,아이솔,돌격 소총,7.9%,1.3%,1.32,10.2,2.8,9.7%,2.7%,2.13,4.8,0.8,12.1%,1.8%,1.79,3.3,-0.1,,,,파산검,3.10%,47.6%,11.3%,53.7%,15.8%,50.3%,3.7%,44.9%,18.6%,68.9%,표본 부족,37.8%,,,,,,,,,,,,,,,
121,,,권총,6.1%,0.5%,1.18,7.9,0.7,11.6%,1.0%,1.90,4.6,2.6,22.0%,2.3%,2.26,3.1,0.0,,,,초진동나이프,3.00%,34.6%,9.2%,24.6%,11.5%,26.3%,3.2%,44.9%,10.7%,21.8%,표본 부족,33.3%,,,,,,,,,,,,,,,
122,,재키,도끼,10.6%,1.8%,1.10,7.5,1.0,7.9%,0.7%,1.16,4.1,-0.5,20.0%,0.2%,2.10,3.1,-0.9,,,,다마스커스가시,4.50%,3.7%,6.9%,4.1%,5.1%,5.9%,표본 부족,0.1%,표본 부족,3.5%,표본 부족,20.0%,,,,,,,,,,,,,,,
123,,,양손검,4.5%,1.1%,0.63,7.0,0.2,20.0%,0.8%,2.69,4.3,-0.1,14.3%,0.3%,2.07,3.8,-5.1,,,,마하라자,0.50%,3.1%,10.5%,9.2%,15.0%,9.6%,표본 부족,0.0%,표본 부족,0.8%,표본 부족,4.4%,,,,,,,,,,,,,,,
124,,,쌍검,9.1%,0.1%,0.77,9.5,-2.5,16.7%,0.1%,1.83,4.8,-3.9,0.0%,0.0%,1.50,3.5,-4.1,,,,프라가라흐,19.60%,7.4%,35.4%,7.6%,37.5%,7.3%,21.1%,6.7%,표본 부족,5.1%,표본 부족,4.4%,,,,,,,,,,,,,,,
125,,,단검,7.2%,0.9%,0.89,6.5,1.5,2.8%,0.4%,1.67,4.5,-0.1,42.9%,1.5%,3.68,2.5,2.2,,셀린,투척,연막탄,표본 부족,0.0%,표본 부족,0.0%,표본 부족,0.0%,표본 부족,0.0%,표본 부족,0.0%,표본 부족,0.0%,,,,,,,,,,,,,,,
126,,얀,글러브,7.6%,1.6%,1.09,9.5,0.1,9.2%,2.1%,1.94,5.2,-1.4,7.1%,0.3%,1.36,4.1,-3.1,,,,소이탄,7.20%,71.2%,9.3%,77.6%,17.2%,75.2%,34.5%,69.6%,표본 부족,94.7%,36.9%,91.5%,,,,,,,,,,,,,,,
127,,제니,권총,14.1%,2.5%,1.35,8.2,2.6,19.2%,1.2%,2.32,4.2,2.5,17.9%,0.5%,1.89,3.3,-2.6,,,,다비드슬링,표본 부족,0.0%,표본 부족,0.0%,표본 부족,0.0%,표본 부족,0.0%,표본 부족,0.0%,표본 부족,0.0%,,,,,,,,,,,,,,,
128,,요한,아르카나,6.8%,0.3%,0.41,3.4,2.1,20.3%,2.8%,1.04,4.3,2.8,19.9%,5.4%,0.77,3.1,0.1,,,,안티오크의수류탄,표본 부족,0.0%,표본 부족,0.0%,표본 부족,0.0%,표본 부족,0.0%,표본 부족,0.0%,표본 부족,0.0%,,,,,,,,,,,,,,,
129,,칼라,석궁,12.4%,3.4%,1.43,10.3,0.7,9.4%,0.6%,1.34,5.0,-1.5,17.8%,0.9%,2.18,3.0,2.6,,,,루테늄구슬,5.20%,23.2%,11.0%,20.2%,12.4%,19.4%,표본 부족,21.5%,표본 부족,5.3%,표본 부족,2.8%,,,,,,,,,,,,,,,
130,,라우라,채찍,8.3%,0.5%,1.03,10.4,-1.0,18.8%,1.3%,1.94,5.0,-1.2,23.1%,0.5%,2.08,3.2,-2.0,,,,파이어볼,40.40%,2.7%,표본 부족,0.8%,표본 부족,2.6%,표본 부족,8.9%,표본 부족,0.0%,표본 부족,5.6%,,,,,,,,,,,,,,,
131,,레녹스,채찍,10.1%,1.5%,1.08,7.5,1.3,9.8%,2.3%,1.39,5.0,-3.1,19.7%,2.4%,1.57,3.3,1.1,,,,아스트라페,표본 부족,0.0%,표본 부족,0.0%,표본 부족,0.0%,표본 부족,0.0%,표본 부족,0.0%,표본 부족,0.0%,,,,,,,,,,,,,,,
132,,레온,글러브,7.7%,1.5%,0.79,9.1,-1.5,15.4%,1.6%,1.81,4.9,-0.3,17.9%,0.5%,0.82,3.5,-2.3,,,,점착폭탄,표본 부족,0.7%,표본 부족,0.8%,표본 부족,1.5%,표본 부족,0.0%,표본 부족,0.0%,표본 부족,0.0%,,,,,,,,,,,,,,,
133,,리 다이린,글러브,2.6%,1.9%,0.81,9.3,-2.2,14.3%,0.2%,1.57,4.8,-1.9,33.3%,0.2%,2.44,2.8,1.9,,,,프리즘볼,표본 부족,0.2%,표본 부족,0.0%,표본 부족,0.6%,표본 부족,0.0%,표본 부족,0.0%,표본 부족,0.0%,,,,,,,,,,,,,,,
134,,,쌍절곤,3.1%,2.7%,0.85,8.5,-1.8,14.5%,3.1%,1.96,4.5,0.2,14.3%,1.1%,2.00,3.3,0.3,,키아라,레이피어,듀랜달Mk2,0.00%,1.3%,표본 부족,1.1%,표본 부족,1.8%,표본 부족,0.0%,표본 부족,0.0%,표본 부족,0.0%,,,,,,,,,,,,,,,
135,,루크,방망이,4.1%,2.2%,1.13,9.3,0.8,5.3%,0.9%,1.63,5.1,-1.8,20.5%,0.9%,2.18,3.2,0.9,,,,미스틸테인,14.20%,7.5%,27.2%,8.0%,36.4%,9.0%,14.6%,21.9%,표본 부족,4.7%,표본 부족,7.8%,,,,,,,,,,,,,,,
136,,매그너스,방망이,1.6%,0.7%,0.76,9.3,-0.8,3.7%,0.3%,1.67,4.5,-2.4,50.7%,1.4%,3.65,2.4,-1.5,,,,볼틱레토,1.80%,55.4%,4.1%,44.2%,9.1%,30.4%,0.0%,36.1%,1.1%,34.4%,표본 부족,6.8%,,,,,,,,,,,,,,,
137,,,망치,5.6%,1.8%,0.84,7.5,-0.7,17.9%,4.2%,1.54,4.2,2.3,20.2%,4.7%,1.28,3.1,0.4,,,,유성검,표본 부족,0.8%,18.9%,4.6%,표본 부족,1.8%,표본 부족,0.3%,21.6%,18.5%,표본 부족,9.7%,,,,,,,,,,,,,,,
138,,마이,채찍,14.4%,0.7%,1.75,8.6,3.4,18.8%,4.1%,1.57,4.7,-0.4,16.2%,1.4%,0.96,3.7,-2.6,,,,주와이외즈,25.30%,14.1%,28.2%,13.9%,22.7%,11.1%,19.5%,20.6%,23.5%,18.5%,표본 부족,8.7%,,,,,,,,,,,,,,,
139,,마커스,도끼,0.0%,0.1%,0.13,13.1,-12.6,8.3%,0.5%,1.21,5.3,-1.8,17.0%,0.9%,2.38,3.7,-0.9,,,,레드팬서,표본 부족,0.4%,12.8%,14.0%,18.2%,30.0%,표본 부족,0.0%,10.7%,20.3%,26.2%,63.1%,,,,,,,,,,,,,,,
140,,나딘,활,13.8%,1.1%,1.00,8.0,0.4,8.3%,0.1%,1.33,4.4,1.0,38.4%,1.4%,2.33,2.6,-0.2,,,,에스프리,1.80%,8.4%,3.6%,5.7%,9.4%,7.1%,표본 부족,4.5%,표본 부족,0.4%,표본 부족,0.0%,,,,,,,,,,,,,,,
141,,,석궁,0.0%,0.1%,0.61,7.8,-1.9,0.0%,0.0%,1.25,4.0,0.8,16.7%,0.2%,1.42,3.3,-10.7,,클로에,암기,미치광이왕의카드,4.50%,61.6%,8.4%,67.1%,15.3%,66.3%,2.0%,30.8%,1.5%,38.4%,표본 부족,48.8%,,,,,,,,,,,,,,,
142,,나타폰,카메라,3.1%,0.7%,1.02,8.7,-1.9,15.2%,1.0%,2.41,4.9,1.4,25.0%,0.4%,2.05,3.6,-0.6,,,,옥전결,표본 부족,0.0%,표본 부족,0.3%,표본 부족,0.0%,표본 부족,0.0%,표본 부족,0.0%,표본 부족,0.0%,,,,,,,,,,,,,,,
143,,니키,글러브,6.4%,2.3%,1.11,8.5,0.7,15.2%,3.5%,1.25,4.5,0.6,17.4%,2.7%,1.57,3.3,0.2,,,,풍마수리검,표본 부족,0.3%,표본 부족,0.9%,표본 부족,0.6%,표본 부족,0.0%,표본 부족,2.3%,표본 부족,0.0%,,,,,,,,,,,,,,,
144,,프리야,기타,2.1%,0.3%,1.56,8.1,3.5,12.8%,0.4%,1.26,5.0,-1.8,14.6%,1.7%,1.18,3.6,-3.1,,,,빙백은침,표본 부족,0.0%,표본 부족,0.0%,표본 부족,0.1%,표본 부족,0.0%,표본 부족,0.0%,표본 부족,0.0%,,,,,,,,,,,,,,,
145,,리오,활,11.7%,4.0%,0.84,8.7,-2.5,8.6%,0.8%,1.37,5.4,-4.4,8.5%,1.2%,1.49,4.1,-5.4,,,,푸른색단도,표본 부족,0.1%,표본 부족,0.1%,표본 부족,0.0%,표본 부족,0.0%,표본 부족,0.0%,표본 부족,0.0%,,,,,,,,,,,,,,,
146,,로지,권총,9.7%,1.7%,1.10,8.9,1.4,6.7%,0.5%,1.24,6.4,-5.0,16.4%,2.6%,2.79,3.2,-0.7,,,,플레솃,7.80%,24.9%,17.5%,23.0%,21.4%,25.6%,5.9%,57.8%,15.8%,44.2%,표본 부족,25.6%,,,,,,,,,,,,,,,
147,,쇼이치,단검,4.9%,4.9%,1.17,9.2,-0.5,11.1%,0.4%,1.53,4.8,-1.3,9.1%,0.4%,1.68,3.3,1.2,,,,건곤권,표본 부족,0.1%,표본 부족,0.0%,표본 부족,0.0%,표본 부족,0.0%,표본 부족,0.0%,표본 부족,0.0%,,,,,,,,,,,,,,,
148,,실비아,권총,12.5%,2.0%,1.32,8.6,-1.1,22.0%,1.1%,1.74,3.5,1.8,44.3%,1.4%,2.67,2.4,1.9,,,,생사부,표본 부족,0.5%,표본 부족,0.4%,표본 부족,1.0%,표본 부족,0.6%,표본 부족,0.0%,표본 부족,7.0%,,,,,,,,,,,,,,,
149,,시셀라,암기,7.1%,0.9%,1.29,10.2,0.3,17.6%,2.8%,2.43,4.6,1.6,25.3%,3.3%,3.02,3.1,2.6,,,,수다르사나,29.70%,4.2%,32.7%,3.8%,표본 부족,4.4%,표본 부족,1.8%,표본 부족,6.4%,표본 부족,16.3%,,,,,,,,,,,,,,,
150,,,투척,3.9%,1.0%,1.19,10.6,-3.4,9.7%,1.1%,1.90,5.4,-0.4,16.7%,0.2%,2.33,2.8,1.6,,,,만천화우,18.30%,5.7%,34.6%,3.6%,표본 부족,1.8%,표본 부족,7.1%,표본 부족,8.7%,표본 부족,2.3%,,,,,,,,,,,,,,,
151,,수아,망치,7.0%,3.3%,1.21,9.0,-0.5,10.6%,2.5%,1.47,4.6,0.0,16.2%,2.1%,1.70,3.2,1.5,,다니엘,단검,카른웬난,1.40%,9.3%,9.6%,7.2%,표본 부족,3.2%,표본 부족,5.6%,표본 부족,8.9%,표본 부족,0.0%,,,,,,,,,,,,,,,
152,,띠아,방망이,6.8%,0.8%,1.03,8.2,0.0,11.4%,2.1%,1.74,4.8,-1.3,22.5%,2.2%,2.85,3.2,-0.7,,,,파산검,표본 부족,0.3%,표본 부족,0.0%,표본 부족,0.3%,표본 부족,0.0%,표본 부족,0.0%,표본 부족,0.0%,,,,,,,,,,,,,,,
153,,윌리엄,투척,13.0%,1.2%,1.31,8.8,0.9,20.2%,2.7%,2.35,4.7,-1.9,39.7%,2.9%,2.83,2.9,-1.7,,,,초진동나이프,1.70%,19.8%,6.0%,29.9%,9.6%,31.5%,0.0%,23.7%,4.3%,21.5%,표본 부족,34.1%,,,,,,,,,,,,,,,
154,,쇼우,창,7.9%,0.7%,0.80,8.1,1.2,3.6%,0.3%,0.89,4.5,-3.2,41.8%,1.5%,1.62,2.6,0.5,,,,다마스커스가시,4.60%,49.8%,11.0%,34.3%,15.8%,30.5%,5.3%,56.8%,9.2%,45.8%,표본 부족,36.4%,,,,,,,,,,,,,,,
155,,,단검,0.0%,0.1%,0.89,9.9,1.1,0.0%,0.0%,0.00,3.0,-2.7,0.0%,0.0%,0.00,5.5,-13.6,,,,마하라자,1.50%,11.0%,5.7%,17.3%,15.8%,20.1%,표본 부족,6.6%,표본 부족,12.6%,표본 부족,8.0%,,,,,,,,,,,,,,,
156,,유키,양손검,4.1%,3.0%,0.83,8.2,-2.0,6.8%,0.8%,1.20,5.1,-1.9,18.6%,2.2%,1.40,3.2,-1.4,,,,프라가라흐,33.30%,7.5%,36.7%,10.8%,43.7%,14.1%,표본 부족,6.1%,표본 부족,11.2%,표본 부족,21.6%,,,,,,,,,,,,,,,
157,,,쌍검,1.9%,0.3%,1.21,10.7,-1.5,11.5%,1.5%,1.67,5.0,0.5,8.5%,0.9%,1.66,3.7,-1.7,,에키온,VF의수,데스애더퀸,0.50%,13.7%,0.0%,6.7%,표본 부족,3.6%,표본 부족,11.6%,표본 부족,4.1%,표본 부족,0.0%,,,,,,,,,,,,,,,
158,,자히르,투척,17.6%,0.1%,1.71,8.1,9.5,14.9%,0.5%,1.89,5.0,-0.9,13.0%,0.9%,2.41,3.4,-2.3,,,,블랙맘바킹,0.00%,12.8%,0.0%,20.2%,2.5%,17.4%,표본 부족,4.1%,표본 부족,24.5%,표본 부족,23.8%,,,,,,,,,,,,,,,
159,,,암기,15.1%,1.9%,1.49,8.8,1.2,12.9%,1.1%,2.09,4.6,0.5,25.9%,1.1%,3.37,3.1,-1.2,,,,슈퍼사이드와인더,0.00%,4.1%,표본 부족,2.4%,표본 부족,1.3%,표본 부족,0.8%,표본 부족,2.0%,표본 부족,0.0%,,,,,,,,,,,,,,,
160,,,,,,,,,,,,,,,,,,,,,,데스애더퀸-MT,12.40%,11.5%,15.5%,6.7%,14.6%,5.9%,표본 부족,25.6%,표본 부족,6.1%,표본 부족,9.5%,,,,,,,,,,,,,,,
161,,,,,,,,,,,,,,,,,,,,,,데스애더퀸-FC,표본 부족,0.6%,표본 부족,0.3%,표본 부족,0.3%,표본 부족,1.7%,표본 부족,0.0%,표본 부족,0.0%,,,,,,,,,,,,,,,
162,,,,,,,,,,,,,,,,,,,,,,데스애더퀸-VBS,표본 부족,0.5%,표본 부족,0.1%,표본 부족,0.1%,표본 부족,0.8%,표본 부족,0.0%,표본 부족,0.0%,,,,,,,,,,,,,,,
163,,,,,,,,,,,,,,,,,,,,,,블랙맘바킹-TL,14.90%,31.6%,19.3%,48.3%,22.2%,62.8%,23.5%,42.1%,표본 부족,51.0%,표본 부족,66.7%,,,,,,,,,,,,,,,
164,,,,,,,,,,,,,,,,,,,,,,블랙맘바킹-FC,표본 부족,0.6%,표본 부족,1.7%,표본 부족,2.3%,표본 부족,0.0%,표본 부족,0.0%,표본 부족,0.0%,,,,,,,,,,,,,,,
165,,,,,,,,,,,,,,,,,,,,,,블랙맘바킹-VBS,표본 부족,0.2%,표본 부족,0.2%,표본 부족,0.7%,표본 부족,0.0%,표본 부족,0.0%,표본 부족,0.0%,,,,,,,,,,,,,,,
166,,,,,,,,,,,,,,,,,,,,,,슈퍼사이드와인더-ML,표본 부족,1.7%,표본 부족,2.4%,표본 부족,0.9%,표본 부족,0.8%,표본 부족,6.1%,표본 부족,0.0%,,,,,,,,,,,,,,,
167,,,,,,,,,,,,,,,,,,,,,,슈퍼사이드와인더-FC,표본 부족,0.1%,표본 부족,0.1%,표본 부족,0.1%,표본 부족,0.0%,표본 부족,0.0%,표본 부족,0.0%,,,,,,,,,,,,,,,
168,,,,,,,,,,,,,,,,,,,,,,슈퍼사이드와인더-VBS,표본 부족,0.0%,표본 부족,0.0%,표본 부족,0.0%,표본 부족,0.0%,표본 부족,0.0%,표본 부족,0.0%,,,,,,,,,,,,,,,
169,,,,,,,,,,,,,,,,,,,,엘레나,레이피어,듀랜달Mk2,표본 부족,0.4%,표본 부족,0.1%,표본 부족,0.0%,표본 부족,0.4%,표본 부족,0.0%,표본 부족,0.0%,,,,,,,,,,,,,,,
170,,,,,,,,,,,,,,,,,,,,,,미스틸테인,7.90%,2.4%,18.8%,2.1%,24.3%,2.5%,표본 부족,0.0%,표본 부족,0.0%,표본 부족,0.0%,,,,,,,,,,,,,,,
171,,,,,,,,,,,,,,,,,,,,,,볼틱레토,0.00%,1.3%,표본 부족,0.8%,표본 부족,0.4%,표본 부족,0.0%,표본 부족,0.0%,표본 부족,0.0%,,,,,,,,,,,,,,,
172,,,,,,,,,,,,,,,,,,,,,,유성검,7.70%,1.3%,표본 부족,0.6%,표본 부족,0.5%,표본 부족,0.4%,표본 부족,2.9%,표본 부족,1.1%,,,,,,,,,,,,,,,
173,,,,,,,,,,,,,,,,,,,,,,주와이외즈,15.00%,5.8%,25.8%,4.0%,31.7%,4.5%,표본 부족,2.5%,표본 부족,0.0%,표본 부족,3.3%,,,,,,,,,,,,,,,
174,,,,,,,,,,,,,,,,,,,,,,레드팬서,4.60%,67.2%,11.0%,83.6%,16.3%,87.5%,3.4%,1648.1%,8.8%,3400.0%,17.4%,614.3%,,,,,,,,,,,,,,,
175,,,,,,,,,,,,,,,,,,,,,,에스프리,2.30%,17.8%,3.2%,6.8%,4.1%,2.7%,3.7%,10.3%,표본 부족,0.0%,표본 부족,0.0%,,,,,,,,,,,,,,,
176,,,,,,,,,,,,,,,,,,,,일레븐,망치,낭아봉,표본 부족,0.3%,표본 부족,0.1%,표본 부족,0.7%,표본 부족,0.0%,표본 부족,0.0%,표본 부족,1.9%,,,,,,,,,,,,,,,
177,,,,,,,,,,,,,,,,,,,,,,다그다의망치,4.30%,3.8%,5.4%,4.0%,15.9%,8.7%,표본 부족,0.0%,표본 부족,0.9%,표본 부족,3.8%,,,,,,,,,,,,,,,
178,,,,,,,,,,,,,,,,,,,,,,토르의망치,1.40%,77.5%,6.2%,89.3%,11.0%,85.8%,2.3%,64.7%,10.1%,94.0%,22.4%,92.5%,,,,,,,,,,,,,,,
179,,,,,,,,,,,,,,,,,,,,,,천근추,0.00%,2.2%,표본 부족,1.1%,표본 부족,0.2%,표본 부족,1.5%,표본 부족,0.0%,표본 부족,0.0%,,,,,,,,,,,,,,,
180,,,,,,,,,,,,,,,,,,,,,,피스브링어,43.30%,13.0%,65.4%,3.7%,표본 부족,3.0%,표본 부족,33.8%,표본 부족,5.2%,표본 부족,1.9%,,,,,,,,,,,,,,,
181,,,,,,,,,,,,,,,,,,,,,,개밥바라기,표본 부족,1.4%,표본 부족,1.2%,표본 부족,1.1%,표본 부족,0.0%,표본 부족,0.0%,표본 부족,0.0%,,,,,,,,,,,,,,,
182,,,,,,,,,,,,,,,,,,,,엠마,암기,미치광이왕의카드,6.50%,4.0%,표본 부족,1.7%,표본 부족,2.3%,표본 부족,6.3%,표본 부족,1.7%,표본 부족,46.2%,,,,,,,,,,,,,,,
183,,,,,,,,,,,,,,,,,,,,,,옥전결,1.00%,10.4%,3.5%,18.6%,3.1%,14.6%,표본 부족,9.8%,표본 부족,13.3%,표본 부족,0.0%,,,,,,,,,,,,,,,
184,,,,,,,,,,,,,,,,,,,,,,풍마수리검,1.50%,10.5%,1.9%,20.3%,14.5%,25.3%,표본 부족,2.7%,표본 부족,6.7%,표본 부족,0.0%,,,,,,,,,,,,,,,
185,,,,,,,,,,,,,,,,,,,,,,빙백은침,표본 부족,0.0%,표본 부족,0.0%,표본 부족,0.0%,표본 부족,0.0%,표본 부족,0.0%,표본 부족,0.0%,,,,,,,,,,,,,,,
186,,,,,,,,,,,,,,,,,,,,,,푸른색단도,0.20%,27.6%,2.3%,17.1%,2.6%,17.5%,표본 부족,16.1%,표본 부족,13.3%,표본 부족,0.0%,,,,,,,,,,,,,,,
187,,,,,,,,,,,,,,,,,,,,,,플레솃,표본 부족,0.1%,표본 부족,0.3%,표본 부족,0.2%,표본 부족,0.0%,표본 부족,0.0%,표본 부족,7.7%,,,,,,,,,,,,,,,
188,,,,,,,,,,,,,,,,,,,,,,건곤권,0.00%,2.6%,표본 부족,4.3%,표본 부족,2.0%,표본 부족,3.6%,표본 부족,0.0%,표본 부족,0.0%,,,,,,,,,,,,,,,
189,,,,,,,,,,,,,,,,,,,,,,생사부,16.40%,38.9%,16.0%,34.5%,24.1%,34.1%,26.9%,59.8%,표본 부족,61.7%,표본 부족,38.5%,,,,,,,,,,,,,,,
190,,,,,,,,,,,,,,,,,,,,,,수다르사나,표본 부족,1.4%,표본 부족,1.3%,표본 부족,2.9%,표본 부족,0.9%,표본 부족,0.0%,표본 부족,7.7%,,,,,,,,,,,,,,,
191,,,,,,,,,,,,,,,,,,,,,,만천화우,표본 부족,0.1%,표본 부족,0.4%,표본 부족,0.2%,표본 부족,0.0%,표본 부족,3.3%,표본 부족,0.0%,,,,,,,,,,,,,,,
192,,,,,,,,,,,,,,,,,,,,이바,투척,연막탄,표본 부족,0.0%,표본 부족,0.0%,표본 부족,0.0%,표본 부족,0.0%,표본 부족,0.0%,표본 부족,0.0%,,,,,,,,,,,,,,,
193,,,,,,,,,,,,,,,,,,,,,,소이탄,표본 부족,0.5%,표본 부족,0.2%,표본 부족,0.1%,표본 부족,0.0%,표본 부족,0.0%,표본 부족,0.0%,,,,,,,,,,,,,,,
194,,,,,,,,,,,,,,,,,,,,,,다비드슬링,표본 부족,0.1%,표본 부족,0.0%,표본 부족,0.0%,표본 부족,0.0%,표본 부족,0.0%,표본 부족,0.0%,,,,,,,,,,,,,,,
195,,,,,,,,,,,,,,,,,,,,,,안티오크의수류탄,표본 부족,0.0%,표본 부족,0.0%,표본 부족,0.0%,표본 부족,0.0%,표본 부족,0.0%,표본 부족,0.0%,,,,,,,,,,,,,,,
196,,,,,,,,,,,,,,,,,,,,,,루테늄구슬,4.70%,90.0%,10.0%,94.9%,15.1%,91.4%,표본 부족,92.6%,12.0%,79.4%,19.6%,78.5%,,,,,,,,,,,,,,,
197,,,,,,,,,,,,,,,,,,,,,,파이어볼,21.40%,5.3%,31.3%,4.4%,36.5%,7.0%,표본 부족,3.7%,표본 부족,20.6%,표본 부족,21.5%,,,,,,,,,,,,,,,
198,,,,,,,,,,,,,,,,,,,,,,아스트라페,표본 부족,0.5%,표본 부족,0.0%,표본 부족,0.0%,표본 부족,0.0%,표본 부족,0.0%,표본 부족,0.0%,,,,,,,,,,,,,,,
199,,,,,,,,,,,,,,,,,,,,,,점착폭탄,표본 부족,0.1%,표본 부족,0.0%,표본 부족,0.0%,표본 부족,0.0%,표본 부족,0.0%,표본 부족,0.0%,,,,,,,,,,,,,,,
200,,,,,,,,,,,,,,,,,,,,,,프리즘볼,표본 부족,0.3%,표본 부족,0.2%,표본 부족,0.8%,표본 부족,0.0%,표본 부족,0.0%,표본 부족,0.0%,,,,,,,,,,,,,,,
201,,,,,,,,,,,,,,,,,,,,펠릭스,창,애각창,표본 부족,1.1%,표본 부족,1.3%,표본 부족,1.9%,표본 부족,3.3%,표본 부족,0.0%,표본 부족,0.0%,,,,,,,,,,,,,,,
202,,,,,,,,,,,,,,,,,,,,,,장팔사모,0.40%,69.8%,1.2%,66.4%,5.6%,55.2%,0.9%,59.4%,표본 부족,51.2%,표본 부족,54.5%,,,,,,,,,,,,,,,
203,,,,,,,,,,,,,,,,,,,,,,코스믹바이던트,13.70%,12.1%,17.2%,15.9%,25.4%,19.8%,표본 부족,13.3%,표본 부족,25.6%,표본 부족,0.0%,,,,,,,,,,,,,,,
204,,,,,,,,,,,,,,,,,,,,,,트리아이나,표본 부족,0.1%,표본 부족,0.1%,표본 부족,0.3%,표본 부족,0.0%,표본 부족,0.0%,표본 부족,0.0%,,,,,,,,,,,,,,,
205,,,,,,,,,,,,,,,,,,,,,,화첨창,8.30%,10.0%,15.4%,13.4%,24.8%,16.1%,표본 부족,20.6%,표본 부족,23.3%,표본 부족,45.5%,,,,,,,,,,,,,,,
206,,,,,,,,,,,,,,,,,,,,,,방천화극,표본 부족,0.1%,표본 부족,0.0%,표본 부족,0.0%,표본 부족,0.0%,표본 부족,0.0%,표본 부족,0.0%,,,,,,,,,,,,,,,
207,,,,,,,,,,,,,,,,,,,,,,청룡언월도,0.00%,1.6%,표본 부족,0.7%,표본 부족,4.0%,표본 부족,0.0%,표본 부족,0.0%,표본 부족,0.0%,,,,,,,,,,,,,,,
208,,,,,,,,,,,,,,,,,,,,,,롱기누스의창,표본 부족,0.4%,표본 부족,1.2%,표본 부족,2.2%,표본 부족,1.1%,표본 부족,0.0%,표본 부족,0.0%,,,,,,,,,,,,,,,
209,,,,,,,,,,,,,,,,,,,,피오라,레이피어,듀랜달Mk2,표본 부족,0.9%,표본 부족,0.8%,표본 부족,0.9%,표본 부족,0.0%,표본 부족,0.0%,표본 부족,0.0%,,,,,,,,,,,,,,,
210,,,,,,,,,,,,,,,,,,,,,,미스틸테인,6.40%,13.6%,18.2%,48.2%,22.0%,46.3%,표본 부족,11.1%,표본 부족,50.0%,표본 부족,35.7%,,,,,,,,,,,,,,,
211,,,,,,,,,,,,,,,,,,,,,,볼틱레토,표본 부족,3.2%,표본 부족,1.7%,표본 부족,1.4%,표본 부족,0.0%,표본 부족,0.0%,표본 부족,0.0%,,,,,,,,,,,,,,,
212,,,,,,,,,,,,,,,,,,,,,,유성검,표본 부족,0.6%,표본 부족,0.3%,표본 부족,0.5%,표본 부족,0.0%,표본 부족,0.0%,표본 부족,0.0%,,,,,,,,,,,,,,,
213,,,,,,,,,,,,,,,,,,,,,,주와이외즈,9.50%,5.2%,표본 부족,0.6%,표본 부족,4.6%,표본 부족,3.7%,표본 부족,0.0%,표본 부족,7.1%,,,,,,,,,,,,,,,
214,,,,,,,,,,,,,,,,,,,,,,레드팬서,표본 부족,0.9%,표본 부족,0.6%,표본 부족,1.4%,표본 부족,7.4%,표본 부족,0.0%,표본 부족,0.0%,,,,,,,,,,,,,,,
215,,,,,,,,,,,,,,,,,,,,,,에스프리,4.10%,54.3%,3.3%,17.0%,표본 부족,16.7%,표본 부족,70.4%,표본 부족,0.0%,표본 부족,7.1%,,,,,,,,,,,,,,,
216,,,,,,,,,,,,,,,,,,,,,창,애각창,표본 부족,0.5%,표본 부족,1.9%,표본 부족,1.2%,표본 부족,0.0%,표본 부족,3.6%,표본 부족,0.0%,,,,,,,,,,,,,,,
217,,,,,,,,,,,,,,,,,,,,,,장팔사모,0.60%,57.0%,2.3%,44.2%,4.2%,22.1%,0.0%,42.0%,4.3%,36.1%,표본 부족,1.7%,,,,,,,,,,,,,,,
218,,,,,,,,,,,,,,,,,,,,,,코스믹바이던트,11.90%,24.4%,23.4%,21.2%,18.6%,6.6%,7.2%,54.1%,30.5%,42.3%,표본 부족,0.9%,,,,,,,,,,,,,,,
219,,,,,,,,,,,,,,,,,,,,,,트리아이나,3.10%,11.2%,14.3%,28.3%,19.6%,65.3%,표본 부족,0.0%,표본 부족,16.0%,30.3%,94.0%,,,,,,,,,,,,,,,
220,,,,,,,,,,,,,,,,,,,,,,화첨창,13.80%,3.4%,표본 부족,1.6%,표본 부족,1.4%,표본 부족,1.6%,표본 부족,1.0%,표본 부족,0.0%,,,,,,,,,,,,,,,
221,,,,,,,,,,,,,,,,,,,,,,방천화극,표본 부족,0.0%,표본 부족,0.1%,표본 부족,0.9%,표본 부족,0.0%,표본 부족,0.0%,표본 부족,3.4%,,,,,,,,,,,,,,,
222,,,,,,,,,,,,,,,,,,,,,,청룡언월도,표본 부족,0.4%,표본 부족,0.6%,표본 부족,0.5%,표본 부족,0.0%,표본 부족,0.0%,표본 부족,0.0%,,,,,,,,,,,,,,,
223,,,,,,,,,,,,,,,,,,,,,,롱기누스의창,표본 부족,1.4%,표본 부족,1.5%,표본 부족,2.0%,표본 부족,2.0%,표본 부족,1.0%,표본 부족,0.0%,,,,,,,,,,,,,,,
224,,,,,,,,,,,,,,,,,,,,,양손검,뚜언띠엔,표본 부족,6.2%,표본 부족,15.2%,표본 부족,15.8%,표본 부족,4.0%,표본 부족,20.0%,표본 부족,0.0%,,,,,,,,,,,,,,,
225,,,,,,,,,,,,,,,,,,,,,,아론다이트,0.50%,31.5%,0.0%,18.9%,표본 부족,35.5%,표본 부족,16.8%,표본 부족,0.0%,표본 부족,0.0%,,,,,,,,,,,,,,,
226,,,,,,,,,,,,,,,,,,,,,,엑스칼리버,표본 부족,0.9%,표본 부족,0.5%,표본 부족,1.3%,표본 부족,0.0%,표본 부족,0.0%,표본 부족,0.0%,,,,,,,,,,,,,,,
227,,,,,,,,,,,,,,,,,,,,,,플라즈마소드,표본 부족,0.2%,표본 부족,0.0%,표본 부족,0.0%,표본 부족,0.0%,표본 부족,0.0%,표본 부족,0.0%,,,,,,,,,,,,,,,
228,,,,,,,,,,,,,,,,,,,,,,빛의검,표본 부족,1.9%,표본 부족,16.1%,표본 부족,3.9%,표본 부족,2.0%,표본 부족,0.0%,표본 부족,0.0%,,,,,,,,,,,,,,,
229,,,,,,,,,,,,,,,,,,,,,,레바테인,표본 부족,2.9%,표본 부족,6.0%,표본 부족,1.3%,표본 부족,2.0%,표본 부족,0.0%,표본 부족,0.0%,,,,,,,,,,,,,,,
230,,,,,,,,,,,,,,,,,,,,,,모노호시자오,2.90%,41.2%,표본 부족,11.1%,표본 부족,23.7%,1.8%,56.4%,표본 부족,20.0%,표본 부족,0.0%,,,,,,,,,,,,,,,
231,,,,,,,,,,,,,,,,,,,,,,호푸어드,표본 부족,1.2%,표본 부족,3.7%,표본 부족,5.3%,표본 부족,0.0%,표본 부족,40.0%,표본 부족,0.0%,,,,,,,,,,,,,,,
232,,,,,,,,,,,,,,,,,,,,,,알마스,표본 부족,4.5%,12.5%,22.1%,표본 부족,7.9%,표본 부족,0.0%,표본 부족,0.0%,표본 부족,0.0%,,,,,,,,,,,,,,,
233,,,,,,,,,,,,,,,,,,,,,,다인슬라이프,38.80%,8.5%,표본 부족,2.8%,표본 부족,2.6%,표본 부족,18.8%,표본 부족,20.0%,표본 부족,0.0%,,,,,,,,,,,,,,,
234,,,,,,,,,,,,,,,,,,,,하트,기타,보헤미안,표본 부족,1.5%,표본 부족,1.9%,표본 부족,1.7%,표본 부족,1.8%,표본 부족,0.0%,표본 부족,0.0%,,,,,,,,,,,,,,,
235,,,,,,,,,,,,,,,,,,,,,,천국의계단,표본 부족,0.1%,표본 부족,0.0%,표본 부족,0.0%,표본 부족,0.0%,표본 부족,0.0%,표본 부족,0.0%,,,,,,,,,,,,,,,
236,,,,,,,,,,,,,,,,,,,,,,퍼플헤이즈,3.30%,2.3%,표본 부족,0.5%,표본 부족,0.5%,표본 부족,1.1%,표본 부족,0.0%,표본 부족,0.0%,,,,,,,,,,,,,,,
237,,,,,,,,,,,,,,,,,,,,,,새티스팩션,0.20%,60.8%,1.3%,43.7%,3.4%,25.4%,0.7%,54.2%,표본 부족,25.4%,표본 부족,9.0%,,,,,,,,,,,,,,,
238,,,,,,,,,,,,,,,,,,,,,,원더풀투나잇,19.40%,26.5%,23.0%,41.2%,27.2%,59.5%,20.6%,39.2%,39.5%,68.3%,29.3%,89.2%,,,,,,,,,,,,,,,
239,,,,,,,,,,,,,,,,,,,,,,더월,표본 부족,0.5%,표본 부족,0.2%,표본 부족,0.2%,표본 부족,0.0%,표본 부족,0.0%,표본 부족,0.0%,,,,,,,,,,,,,,,
240,,,,,,,,,,,,,,,,,,,,,,틴스피릿,0.00%,6.0%,1.6%,12.2%,4.5%,11.9%,표본 부족,3.3%,표본 부족,6.3%,표본 부족,1.8%,,,,,,,,,,,,,,,
241,,,,,,,,,,,,,,,,,,,,혜진,활,편전,표본 부족,0.4%,표본 부족,0.3%,표본 부족,0.2%,표본 부족,1.8%,표본 부족,0.0%,표본 부족,0.0%,,,,,,,,,,,,,,,
242,,,,,,,,,,,,,,,,,,,,,,골든래쇼보우,2.90%,4.6%,7.7%,9.9%,16.8%,11.3%,표본 부족,0.5%,표본 부족,17.2%,표본 부족,6.3%,,,,,,,,,,,,,,,
243,,,,,,,,,,,,,,,,,,,,,,트윈보우,표본 부족,0.6%,표본 부족,0.6%,표본 부족,0.2%,표본 부족,1.6%,표본 부족,0.0%,표본 부족,0.0%,,,,,,,,,,,,,,,
244,,,,,,,,,,,,,,,,,,,,,,엘리멘탈보우,2.80%,15.2%,8.5%,31.5%,17.2%,39.1%,3.8%,13.5%,표본 부족,9.8%,30.1%,65.9%,,,,,,,,,,,,,,,
245,,,,,,,,,,,,,,,,,,,,,,제베의활,0.50%,63.5%,3.1%,39.4%,9.4%,31.7%,0.4%,62.0%,3.7%,44.3%,표본 부족,3.2%,,,,,,,,,,,,,,,
246,,,,,,,,,,,,,,,,,,,,,,아르테미스,표본 부족,0.7%,표본 부족,1.5%,표본 부족,2.4%,표본 부족,0.0%,표본 부족,1.6%,표본 부족,0.0%,,,,,,,,,,,,,,,
247,,,,,,,,,,,,,,,,,,,,,,아르기로톡소스,28.30%,9.3%,35.1%,12.9%,38.9%,12.3%,21.2%,17.2%,표본 부족,22.1%,표본 부족,23.8%,,,,,,,,,,,,,,,
248,,,,,,,,,,,,,,,,,,,,,,페일노트,39.00%,1.6%,47.2%,3.4%,표본 부족,2.5%,표본 부족,2.1%,표본 부족,4.9%,표본 부족,0.0%,,,,,,,,,,,,,,,
249,,,,,,,,,,,,,,,,,,,,,암기,미치광이왕의카드,표본 부족,2.9%,표본 부족,0.0%,표본 부족,0.2%,표본 부족,0.0%,표본 부족,0.0%,표본 부족,0.0%,,,,,,,,,,,,,,,
250,,,,,,,,,,,,,,,,,,,,,,옥전결,0.00%,45.8%,5.5%,46.0%,13.2%,46.0%,표본 부족,50.0%,9.0%,34.8%,28.1%,48.3%,,,,,,,,,,,,,,,
251,,,,,,,,,,,,,,,,,,,,,,풍마수리검,표본 부족,7.7%,표본 부족,1.7%,38.3%,4.7%,표본 부족,0.0%,표본 부족,2.8%,표본 부족,13.6%,,,,,,,,,,,,,,,
252,,,,,,,,,,,,,,,,,,,,,,빙백은침,표본 부족,0.0%,표본 부족,0.0%,표본 부족,0.0%,표본 부족,0.0%,표본 부족,0.0%,표본 부족,0.0%,,,,,,,,,,,,,,,
253,,,,,,,,,,,,,,,,,,,,,,푸른색단도,표본 부족,0.7%,표본 부족,0.8%,표본 부족,1.1%,표본 부족,0.0%,표본 부족,0.6%,표본 부족,1.3%,,,,,,,,,,,,,,,
254,,,,,,,,,,,,,,,,,,,,,,플레솃,표본 부족,2.6%,표본 부족,0.3%,표본 부족,0.0%,표본 부족,0.0%,표본 부족,0.0%,표본 부족,0.0%,,,,,,,,,,,,,,,
255,,,,,,,,,,,,,,,,,,,,,,건곤권,표본 부족,1.5%,표본 부족,0.4%,표본 부족,0.5%,표본 부족,0.0%,표본 부족,0.3%,표본 부족,0.0%,,,,,,,,,,,,,,,
256,,,,,,,,,,,,,,,,,,,,,,생사부,9.90%,33.3%,26.6%,47.5%,28.6%,45.3%,표본 부족,50.0%,27.7%,58.9%,32.1%,33.1%,,,,,,,,,,,,,,,
257,,,,,,,,,,,,,,,,,,,,,,수다르사나,표본 부족,2.6%,표본 부족,2.5%,표본 부족,1.7%,표본 부족,0.0%,표본 부족,2.2%,표본 부족,3.4%,,,,,,,,,,,,,,,
258,,,,,,,,,,,,,,,,,,,,,,만천화우,표본 부족,0.7%,표본 부족,0.3%,표본 부족,0.1%,표본 부족,0.0%,표본 부족,0.3%,표본 부족,0.0%,,,,,,,,,,,,,,,
259,,,,,,,,,,,,,,,,,,,,현우,톤파,택티컬톤파,0.70%,52.7%,5.9%,51.8%,9.0%,33.8%,0.7%,44.2%,표본 부족,42.4%,표본 부족,36.4%,,,,,,,,,,,,,,,
260,,,,,,,,,,,,,,,,,,,,,,마이쏙,3.30%,15.3%,7.5%,20.7%,17.3%,35.7%,2.9%,21.4%,표본 부족,1.5%,표본 부족,18.2%,,,,,,,,,,,,,,,
261,,,,,,,,,,,,,,,,,,,,,,플라즈마톤파,0.00%,1.8%,6.3%,5.2%,14.1%,7.2%,표본 부족,0.5%,표본 부족,19.7%,표본 부족,0.0%,,,,,,,,,,,,,,,
262,,,,,,,,,,,,,,,,,,,,,,윈드러너,19.20%,15.1%,30.1%,12.0%,43.0%,15.9%,8.8%,14.0%,표본 부족,13.6%,표본 부족,27.3%,,,,,,,,,,,,,,,
263,,,,,,,,,,,,,,,,,,,,,,흑요석짓테,25.80%,13.7%,45.7%,9.5%,40.3%,7.0%,21.4%,19.4%,표본 부족,22.7%,표본 부족,18.2%,,,,,,,,,,,,,,,
264,,,,,,,,,,,,,,,,,,,,,글러브,단영촌천투,표본 부족,0.6%,표본 부족,0.4%,표본 부족,0.4%,표본 부족,0.0%,표본 부족,0.0%,표본 부족,0.0%,,,,,,,,,,,,,,,
265,,,,,,,,,,,,,,,,,,,,,,디바인피스트,0.70%,9.4%,3.3%,7.3%,8.3%,7.6%,표본 부족,6.1%,표본 부족,0.0%,표본 부족,2.8%,,,,,,,,,,,,,,,
266,,,,,,,,,,,,,,,,,,,,,,블러드윙너클,1.40%,1.2%,표본 부족,0.3%,표본 부족,0.3%,표본 부족,1.5%,표본 부족,0.0%,표본 부족,0.0%,,,,,,,,,,,,,,,
267,,,,,,,,,,,,,,,,,,,,,,빙화현옥수,표본 부족,0.5%,표본 부족,0.6%,표본 부족,0.6%,표본 부족,0.8%,표본 부족,0.0%,표본 부족,0.0%,,,,,,,,,,,,,,,
268,,,,,,,,,,,,,,,,,,,,,,여래수투,3.10%,3.3%,3.7%,4.6%,10.3%,4.8%,표본 부족,3.0%,표본 부족,0.0%,표본 부족,25.0%,,,,,,,,,,,,,,,
269,,,,,,,,,,,,,,,,,,,,,,브레이질건틀릿,2.20%,39.2%,6.1%,46.1%,13.7%,51.1%,0.0%,41.7%,표본 부족,53.8%,표본 부족,33.3%,,,,,,,,,,,,,,,
270,,,,,,,,,,,,,,,,,,,,,,소수,2.50%,8.8%,4.3%,8.0%,9.8%,5.0%,표본 부족,11.4%,표본 부족,2.6%,표본 부족,2.8%,,,,,,,,,,,,,,,
271,,,,,,,,,,,,,,,,,,,,,,천잠장갑,14.60%,1.5%,24.7%,3.2%,31.7%,3.1%,표본 부족,1.5%,표본 부족,2.6%,표본 부족,0.0%,,,,,,,,,,,,,,,
272,,,,,,,,,,,,,,,,,,,,,,주작자문,16.30%,29.2%,22.1%,27.3%,25.2%,25.2%,표본 부족,28.0%,표본 부족,38.5%,표본 부족,27.8%,,,,,,,,,,,,,,,
273,,,,,,,,,,,,,,,,,,,,,,프로스트팽,14.50%,1.3%,27.1%,1.6%,표본 부족,1.6%,표본 부족,3.0%,표본 부족,0.0%,표본 부족,8.3%,,,,,,,,,,,,,,,
274,,,,,,,,,,,,,,,,,,,,아이솔,돌격 소총,AK-12,0.00%,6.9%,2.6%,8.0%,7.3%,7.5%,표본 부족,1.2%,표본 부족,9.7%,표본 부족,5.5%,,,,,,,,,,,,,,,
275,,,,,,,,,,,,,,,,,,,,,,XCR,표본 부족,0.1%,표본 부족,0.3%,표본 부족,0.4%,표본 부족,0.0%,표본 부족,0.0%,표본 부족,0.0%,,,,,,,,,,,,,,,
276,,,,,,,,,,,,,,,,,,,,,,95식자동소총,표본 부족,0.6%,표본 부족,0.3%,표본 부족,0.8%,표본 부족,2.1%,표본 부족,0.0%,표본 부족,0.0%,,,,,,,,,,,,,,,
277,,,,,,,,,,,,,,,,,,,,,,아그니,0.80%,68.6%,2.9%,64.1%,6.7%,59.3%,0.0%,75.2%,5.5%,60.9%,표본 부족,39.6%,,,,,,,,,,,,,,,
278,,,,,,,,,,,,,,,,,,,,,,저지먼트,31.90%,17.9%,33.3%,26.7%,33.6%,31.5%,38.8%,20.2%,20.0%,29.4%,18.4%,53.8%,,,,,,,,,,,,,,,
279,,,,,,,,,,,,,,,,,,,,,권총,마탄의사수,표본 부족,1.5%,22.5%,4.9%,30.3%,10.3%,표본 부족,0.0%,표본 부족,2.3%,표본 부족,5.1%,,,,,,,,,,,,,,,
280,,,,,,,,,,,,,,,,,,,,,,엘레강스,7.90%,7.8%,12.6%,10.7%,17.5%,12.0%,표본 부족,4.1%,표본 부족,15.1%,표본 부족,23.7%,,,,,,,,,,,,,,,
281,,,,,,,,,,,,,,,,,,,,,,일렉트론블라스터,표본 부족,2.8%,표본 부족,0.1%,표본 부족,0.3%,표본 부족,0.0%,표본 부족,0.0%,표본 부족,0.0%,,,,,,,,,,,,,,,
282,,,,,,,,,,,,,,,,,,,,,,매그넘-보아,1.80%,42.9%,4.0%,15.3%,표본 부족,3.5%,1.6%,63.3%,표본 부족,10.5%,표본 부족,1.7%,,,,,,,,,,,,,,,
283,,,,,,,,,,,,,,,,,,,,,,글록48,3.10%,22.6%,7.1%,39.7%,15.7%,47.2%,표본 부족,18.4%,2.4%,48.8%,19.6%,47.5%,,,,,,,,,,,,,,,
284,,,,,,,,,,,,,,,,,,,,,,플라즈마건,1.80%,4.8%,표본 부족,4.6%,표본 부족,1.0%,표본 부족,1.0%,표본 부족,1.2%,표본 부족,0.8%,,,,,,,,,,,,,,,
285,,,,,,,,,,,,,,,,,,,,,,스탬피드,0.00%,6.3%,15.4%,11.2%,22.4%,13.9%,표본 부족,3.1%,표본 부족,0.0%,표본 부족,9.3%,,,,,,,,,,,,,,,
286,,,,,,,,,,,,,,,,,,,,,,악켈테,43.20%,9.7%,45.3%,13.0%,43.0%,11.5%,표본 부족,9.2%,표본 부족,22.1%,표본 부족,11.9%,,,,,,,,,,,,,,,
287,,,,,,,,,,,,,,,,,,,,재키,도끼,빔엑스,0.00%,2.2%,표본 부족,2.0%,표본 부족,3.2%,표본 부족,0.6%,표본 부족,0.0%,표본 부족,0.0%,,,,,,,,,,,,,,,
288,,,,,,,,,,,,,,,,,,,,,,산타무에르떼,표본 부족,0.5%,표본 부족,0.1%,표본 부족,1.6%,표본 부족,0.6%,표본 부족,0.0%,표본 부족,0.0%,,,,,,,,,,,,,,,
289,,,,,,,,,,,,,,,,,,,,,,스퀴테,6.40%,31.5%,10.3%,29.7%,18.4%,36.6%,9.9%,42.7%,표본 부족,33.3%,표본 부족,40.0%,,,,,,,,,,,,,,,
290,,,,,,,,,,,,,,,,,,,,,,파라슈,1.10%,29.8%,3.1%,38.3%,11.5%,35.2%,표본 부족,6.7%,표본 부족,15.9%,표본 부족,10.0%,,,,,,,,,,,,,,,
291,,,,,,,,,,,,,,,,,,,,,,하르페,3.30%,15.3%,5.9%,12.4%,표본 부족,7.0%,3.4%,26.7%,표본 부족,44.4%,표본 부족,10.0%,,,,,,,,,,,,,,,
292,,,,,,,,,,,,,,,,,,,,,,반고부,23.30%,11.3%,30.0%,11.7%,27.8%,14.5%,표본 부족,11.2%,표본 부족,6.3%,표본 부족,40.0%,,,,,,,,,,,,,,,
293,,,,,,,,,,,,,,,,,,,,,,저거너트,3.50%,7.2%,표본 부족,5.1%,표본 부족,1.6%,표본 부족,10.0%,표본 부족,0.0%,표본 부족,0.0%,,,,,,,,,,,,,,,
294,,,,,,,,,,,,,,,,,,,,,양손검,뚜언띠엔,1.10%,5.8%,4.2%,10.4%,10.0%,11.0%,표본 부족,3.0%,표본 부족,4.3%,표본 부족,7.1%,,,,,,,,,,,,,,,
295,,,,,,,,,,,,,,,,,,,,,,아론다이트,0.00%,10.6%,0.0%,6.1%,표본 부족,6.6%,표본 부족,14.9%,표본 부족,2.9%,표본 부족,14.3%,,,,,,,,,,,,,,,
296,,,,,,,,,,,,,,,,,,,,,,엑스칼리버,1.10%,18.0%,3.7%,15.5%,9.4%,32.3%,표본 부족,4.5%,표본 부족,1.4%,표본 부족,0.0%,,,,,,,,,,,,,,,
297,,,,,,,,,,,,,,,,,,,,,,플라즈마소드,표본 부족,0.8%,표본 부족,0.1%,표본 부족,0.0%,표본 부족,0.0%,표본 부족,0.0%,표본 부족,0.0%,,,,,,,,,,,,,,,
298,,,,,,,,,,,,,,,,,,,,,,빛의검,11.50%,15.9%,20.3%,26.3%,26.5%,13.5%,표본 부족,17.3%,19.0%,60.0%,표본 부족,42.9%,,,,,,,,,,,,,,,
299,,,,,,,,,,,,,,,,,,,,,,레바테인,14.90%,4.8%,표본 부족,5.1%,표본 부족,5.8%,표본 부족,7.4%,표본 부족,2.9%,표본 부족,7.1%,,,,,,,,,,,,,,,
300,,,,,,,,,,,,,,,,,,,,,,모노호시자오,3.20%,30.9%,5.4%,24.0%,10.5%,15.7%,3.5%,42.1%,표본 부족,11.4%,표본 부족,7.1%,,,,,,,,,,,,,,,
301,,,,,,,,,,,,,,,,,,,,,,호푸어드,표본 부족,1.3%,표본 부족,0.7%,표본 부족,0.0%,표본 부족,0.5%,표본 부족,1.4%,표본 부족,0.0%,,,,,,,,,,,,,,,
302,,,,,,,,,,,,,,,,,,,,,,알마스,1.90%,3.4%,표본 부족,2.9%,표본 부족,5.5%,표본 부족,2.0%,표본 부족,0.0%,표본 부족,0.0%,,,,,,,,,,,,,,,
303,,,,,,,,,,,,,,,,,,,,,,다인슬라이프,51.60%,5.9%,73.2%,8.1%,표본 부족,6.9%,표본 부족,7.9%,표본 부족,15.7%,표본 부족,21.4%,,,,,,,,,,,,,,,
304,,,,,,,,,,,,,,,,,,,,,쌍검,이천일류,1.50%,55.3%,1.7%,46.9%,6.2%,54.9%,표본 부족,40.9%,표본 부족,33.3%,표본 부족,50.0%,,,,,,,,,,,,,,,
305,,,,,,,,,,,,,,,,,,,,,,자웅일대검,11.50%,13.7%,20.8%,14.4%,표본 부족,11.8%,표본 부족,9.1%,표본 부족,0.0%,표본 부족,0.0%,,,,,,,,,,,,,,,
306,,,,,,,,,,,,,,,,,,,,,,디오스쿠로이,0.00%,16.5%,4.3%,25.1%,표본 부족,11.8%,표본 부족,31.8%,표본 부족,33.3%,표본 부족,50.0%,,,,,,,,,,,,,,,
307,,,,,,,,,,,,,,,,,,,,,,로이거 차르,표본 부족,0.3%,표본 부족,1.1%,표본 부족,7.6%,표본 부족,4.5%,표본 부족,33.3%,표본 부족,0.0%,,,,,,,,,,,,,,,
308,,,,,,,,,,,,,,,,,,,,,,아수라,표본 부족,1.0%,표본 부족,0.5%,표본 부족,2.1%,표본 부족,0.0%,표본 부족,0.0%,표본 부족,0.0%,,,,,,,,,,,,,,,
309,,,,,,,,,,,,,,,,,,,,,,간장과막야,24.30%,9.8%,표본 부족,10.6%,표본 부족,10.5%,표본 부족,9.1%,표본 부족,0.0%,표본 부족,0.0%,,,,,,,,,,,,,,,
310,,,,,,,,,,,,,,,,,,,,,단검,카른웬난,표본 부족,1.8%,표본 부족,0.2%,표본 부족,0.7%,표본 부족,0.0%,표본 부족,0.0%,표본 부족,0.0%,,,,,,,,,,,,,,,
311,,,,,,,,,,,,,,,,,,,,,,파산검,1.00%,5.3%,표본 부족,5.5%,표본 부족,1.9%,1.6%,36.5%,표본 부족,41.7%,표본 부족,7.8%,,,,,,,,,,,,,,,
312,,,,,,,,,,,,,,,,,,,,,,초진동나이프,4.50%,77.0%,8.7%,81.2%,10.8%,79.5%,9.4%,57.5%,표본 부족,55.6%,30.0%,51.9%,,,,,,,,,,,,,,,
313,,,,,,,,,,,,,,,,,,,,,,다마스커스가시,표본 부족,0.0%,표본 부족,0.7%,표본 부족,0.2%,표본 부족,0.0%,표본 부족,0.0%,표본 부족,1.3%,,,,,,,,,,,,,,,
314,,,,,,,,,,,,,,,,,,,,,,마하라자,표본 부족,0.3%,표본 부족,0.0%,표본 부족,0.4%,표본 부족,1.8%,표본 부족,0.0%,표본 부족,0.0%,,,,,,,,,,,,,,,
315,,,,,,,,,,,,,,,,,,,,,,프라가라흐,23.50%,8.2%,25.9%,9.6%,37.8%,17.2%,표본 부족,3.6%,표본 부족,2.8%,표본 부족,39.0%,,,,,,,,,,,,,,,
316,,,,,,,,,,,,,,,,,,,,얀,글러브,단영촌천투,표본 부족,1.1%,표본 부족,1.2%,표본 부족,1.0%,표본 부족,0.0%,표본 부족,0.5%,표본 부족,0.0%,,,,,,,,,,,,,,,
317,,,,,,,,,,,,,,,,,,,,,,디바인피스트,1.10%,12.7%,2.6%,11.8%,7.9%,10.7%,표본 부족,12.8%,표본 부족,2.7%,표본 부족,21.4%,,,,,,,,,,,,,,,
318,,,,,,,,,,,,,,,,,,,,,,블러드윙너클,표본 부족,0.5%,표본 부족,2.3%,표본 부족,0.2%,표본 부족,0.7%,표본 부족,10.3%,표본 부족,0.0%,,,,,,,,,,,,,,,
319,,,,,,,,,,,,,,,,,,,,,,빙화현옥수,표본 부족,0.8%,표본 부족,0.5%,표본 부족,0.0%,표본 부족,2.4%,표본 부족,0.5%,표본 부족,0.0%,,,,,,,,,,,,,,,
320,,,,,,,,,,,,,,,,,,,,,,여래수투,표본 부족,1.3%,표본 부족,0.5%,표본 부족,0.2%,표본 부족,6.6%,표본 부족,2.7%,표본 부족,0.0%,,,,,,,,,,,,,,,
321,,,,,,,,,,,,,,,,,,,,,,브레이질건틀릿,2.60%,19.9%,7.2%,25.6%,11.0%,26.2%,1.7%,20.8%,4.3%,37.3%,표본 부족,50.0%,,,,,,,,,,,,,,,
322,,,,,,,,,,,,,,,,,,,,,,소수,2.90%,39.7%,7.4%,35.0%,10.2%,33.4%,2.4%,28.8%,12.0%,27.0%,표본 부족,14.3%,,,,,,,,,,,,,,,
323,,,,,,,,,,,,,,,,,,,,,,천잠장갑,표본 부족,1.1%,표본 부족,2.4%,표본 부족,3.7%,표본 부족,0.0%,표본 부족,1.6%,표본 부족,0.0%,,,,,,,,,,,,,,,
324,,,,,,,,,,,,,,,,,,,,,,주작자문,18.10%,14.7%,20.7%,13.9%,31.7%,14.0%,25.0%,16.7%,표본 부족,5.9%,표본 부족,0.0%,,,,,,,,,,,,,,,
325,,,,,,,,,,,,,,,,,,,,,,프로스트팽,22.30%,6.3%,27.6%,6.0%,41.0%,10.4%,표본 부족,9.7%,표본 부족,10.3%,표본 부족,14.3%,,,,,,,,,,,,,,,
326,,,,,,,,,,,,,,,,,,,,제니,권총,마탄의사수,17.80%,19.1%,23.1%,21.8%,29.4%,25.0%,24.0%,40.4%,26.8%,39.4%,표본 부족,53.6%,,,,,,,,,,,,,,,
327,,,,,,,,,,,,,,,,,,,,,,엘레강스,표본 부족,0.0%,표본 부족,0.0%,표본 부족,0.0%,표본 부족,0.0%,표본 부족,0.0%,표본 부족,0.0%,,,,,,,,,,,,,,,
328,,,,,,,,,,,,,,,,,,,,,,일렉트론블라스터,0.00%,1.3%,표본 부족,2.4%,표본 부족,2.2%,표본 부족,0.2%,표본 부족,0.0%,표본 부족,0.0%,,,,,,,,,,,,,,,
329,,,,,,,,,,,,,,,,,,,,,,매그넘-보아,표본 부족,0.1%,표본 부족,0.1%,표본 부족,0.0%,표본 부족,0.0%,표본 부족,0.0%,표본 부족,0.0%,,,,,,,,,,,,,,,
330,,,,,,,,,,,,,,,,,,,,,,글록48,0.00%,1.2%,표본 부족,1.3%,표본 부족,2.8%,표본 부족,0.0%,표본 부족,0.0%,표본 부족,3.6%,,,,,,,,,,,,,,,
331,,,,,,,,,,,,,,,,,,,,,,플라즈마건,2.00%,45.4%,5.5%,44.1%,12.8%,39.8%,1.8%,24.5%,11.9%,40.4%,표본 부족,7.1%,,,,,,,,,,,,,,,
332,,,,,,,,,,,,,,,,,,,,,,스탬피드,0.00%,20.3%,2.4%,16.9%,4.3%,15.0%,0.0%,23.4%,표본 부족,10.6%,표본 부족,25.0%,,,,,,,,,,,,,,,
333,,,,,,,,,,,,,,,,,,,,,,악켈테,36.50%,8.5%,38.1%,13.2%,42.6%,14.7%,37.5%,10.6%,표본 부족,9.6%,표본 부족,10.7%,,,,,,,,,,,,,,,
334,,,,,,,,,,,,,,,,,,,,요한,아르카나,은둔자,표본 부족,0.6%,표본 부족,0.5%,표본 부족,0.4%,표본 부족,0.0%,표본 부족,0.8%,표본 부족,0.0%,,,,,,,,,,,,,,,
335,,,,,,,,,,,,,,,,,,,,,,운명의수레바퀴,10.50%,84.4%,표본 부족,3.7%,8.5%,8.5%,6.8%,100.0%,표본 부족,0.0%,표본 부족,2.2%,,,,,,,,,,,,,,,
336,,,,,,,,,,,,,,,,,,,,,,절제,표본 부족,0.0%,12.5%,4.1%,9.2%,7.1%,표본 부족,0.0%,표본 부족,0.0%,표본 부족,3.6%,,,,,,,,,,,,,,,
337,,,,,,,,,,,,,,,,,,,,,,더스타,표본 부족,9.4%,10.7%,60.3%,17.8%,63.1%,표본 부족,0.0%,12.8%,50.8%,16.9%,64.1%,,,,,,,,,,,,,,,
338,,,,,,,,,,,,,,,,,,,,,,더문,표본 부족,0.6%,표본 부족,2.8%,표본 부족,2.3%,표본 부족,0.0%,표본 부족,2.8%,표본 부족,0.7%,,,,,,,,,,,,,,,
339,,,,,,,,,,,,,,,,,,,,,,여제,표본 부족,2.2%,30.2%,27.8%,36.6%,17.9%,표본 부족,0.0%,28.8%,45.1%,30.9%,29.3%,,,,,,,,,,,,,,,
340,,,,,,,,,,,,,,,,,,,,칼라,석궁,대황,0.90%,13.2%,3.9%,13.9%,5.2%,11.1%,표본 부족,5.2%,표본 부족,1.9%,표본 부족,2.2%,,,,,,,,,,,,,,,
341,,,,,,,,,,,,,,,,,,,,,,발리스타,6.30%,4.6%,15.6%,2.2%,19.3%,3.7%,17.5%,6.5%,표본 부족,1.9%,표본 부족,6.7%,,,,,,,,,,,,,,,
342,,,,,,,,,,,,,,,,,,,,,,저격크로스보우,1.00%,61.4%,2.5%,69.9%,5.8%,65.8%,1.3%,61.1%,표본 부족,69.8%,표본 부족,53.3%,,,,,,,,,,,,,,,
343,,,,,,,,,,,,,,,,,,,,,,영광금귀신기노,표본 부족,0.6%,표본 부족,0.2%,표본 부족,0.4%,표본 부족,0.0%,표본 부족,0.0%,표본 부족,0.0%,,,,,,,,,,,,,,,
344,,,,,,,,,,,,,,,,,,,,,,샤릉가,41.30%,13.1%,34.9%,12.3%,33.9%,18.8%,43.4%,23.6%,표본 부족,26.4%,표본 부족,37.8%,,,,,,,,,,,,,,,
345,,,,,,,,,,,,,,,,,,,,라우라,채찍,뇌룡편,3.20%,63.4%,6.7%,62.1%,9.1%,56.4%,6.7%,78.1%,18.0%,85.5%,표본 부족,19.2%,,,,,,,,,,,,,,,
346,,,,,,,,,,,,,,,,,,,,,,글레이프니르,0.60%,13.1%,3.6%,9.5%,0.0%,6.2%,표본 부족,11.5%,표본 부족,5.1%,표본 부족,3.8%,,,,,,,,,,,,,,,
347,,,,,,,,,,,,,,,,,,,,,,플라즈마윕,0.30%,13.4%,4.1%,14.6%,9.7%,18.2%,표본 부족,5.2%,표본 부족,6.0%,표본 부족,46.2%,,,,,,,,,,,,,,,
348,,,,,,,,,,,,,,,,,,,,,,캐소드라쉬,표본 부족,0.2%,표본 부족,0.6%,표본 부족,0.4%,표본 부족,0.0%,표본 부족,0.0%,표본 부족,0.0%,,,,,,,,,,,,,,,
349,,,,,,,,,,,,,,,,,,,,,,우라누스,9.10%,4.0%,15.7%,7.6%,25.9%,11.5%,표본 부족,0.0%,표본 부족,0.9%,표본 부족,19.2%,,,,,,,,,,,,,,,
350,,,,,,,,,,,,,,,,,,,,,,혈화구절편,48.40%,2.3%,67.7%,5.3%,67.9%,7.2%,표본 부족,4.2%,표본 부족,2.6%,표본 부족,11.5%,,,,,,,,,,,,,,,
351,,,,,,,,,,,,,,,,,,,,레녹스,채찍,뇌룡편,6.20%,65.6%,9.4%,45.3%,17.4%,36.2%,8.9%,88.5%,8.1%,65.9%,17.6%,83.6%,,,,,,,,,,,,,,,
352,,,,,,,,,,,,,,,,,,,,,,글레이프니르,1.50%,8.9%,5.9%,27.0%,10.9%,28.3%,표본 부족,3.6%,9.3%,21.0%,표본 부족,1.6%,,,,,,,,,,,,,,,
353,,,,,,,,,,,,,,,,,,,,,,플라즈마윕,표본 부족,0.3%,표본 부족,0.2%,표본 부족,0.1%,표본 부족,0.0%,표본 부족,0.0%,표본 부족,0.0%,,,,,,,,,,,,,,,
354,,,,,,,,,,,,,,,,,,,,,,캐소드라쉬,5.20%,16.1%,9.3%,20.7%,14.1%,25.1%,표본 부족,0.7%,표본 부족,8.8%,표본 부족,9.8%,,,,,,,,,,,,,,,
355,,,,,,,,,,,,,,,,,,,,,,우라누스,15.20%,2.0%,표본 부족,2.3%,29.5%,4.0%,표본 부족,0.7%,표본 부족,1.0%,표본 부족,0.8%,,,,,,,,,,,,,,,
356,,,,,,,,,,,,,,,,,,,,,,혈화구절편,48.60%,4.7%,44.1%,3.6%,57.8%,5.9%,표본 부족,5.4%,표본 부족,2.9%,표본 부족,4.1%,,,,,,,,,,,,,,,
357,,,,,,,,,,,,,,,,,,,,레온,글러브,단영촌천투,표본 부족,0.2%,표본 부족,0.1%,표본 부족,0.4%,표본 부족,0.0%,표본 부족,0.0%,표본 부족,0.0%,,,,,,,,,,,,,,,
358,,,,,,,,,,,,,,,,,,,,,,디바인피스트,0.60%,10.7%,3.7%,9.0%,9.4%,9.4%,0.0%,16.2%,표본 부족,0.7%,표본 부족,3.6%,,,,,,,,,,,,,,,
359,,,,,,,,,,,,,,,,,,,,,,블러드윙너클,1.10%,6.3%,1.4%,4.9%,13.0%,6.7%,표본 부족,0.4%,표본 부족,0.0%,표본 부족,0.0%,,,,,,,,,,,,,,,
360,,,,,,,,,,,,,,,,,,,,,,빙화현옥수,표본 부족,0.1%,표본 부족,0.1%,표본 부족,0.3%,표본 부족,0.0%,표본 부족,0.0%,표본 부족,0.0%,,,,,,,,,,,,,,,
361,,,,,,,,,,,,,,,,,,,,,,여래수투,표본 부족,0.1%,표본 부족,1.3%,표본 부족,1.1%,표본 부족,0.0%,표본 부족,0.0%,표본 부족,0.0%,,,,,,,,,,,,,,,
362,,,,,,,,,,,,,,,,,,,,,,브레이질건틀릿,1.00%,41.8%,3.4%,49.1%,9.7%,47.2%,1.2%,31.4%,6.4%,65.7%,표본 부족,75.0%,,,,,,,,,,,,,,,
363,,,,,,,,,,,,,,,,,,,,,,소수,표본 부족,0.6%,표본 부족,0.5%,표본 부족,0.3%,표본 부족,0.0%,표본 부족,0.0%,표본 부족,0.0%,,,,,,,,,,,,,,,
364,,,,,,,,,,,,,,,,,,,,,,천잠장갑,표본 부족,0.7%,표본 부족,2.3%,표본 부족,2.4%,표본 부족,0.0%,표본 부족,5.6%,표본 부족,0.0%,,,,,,,,,,,,,,,
365,,,,,,,,,,,,,,,,,,,,,,주작자문,16.80%,36.9%,20.4%,31.0%,25.1%,29.6%,14.2%,49.4%,표본 부족,25.9%,표본 부족,17.9%,,,,,,,,,,,,,,,
366,,,,,,,,,,,,,,,,,,,,,,프로스트팽,표본 부족,0.4%,표본 부족,1.4%,표본 부족,2.2%,표본 부족,1.1%,표본 부족,2.1%,표본 부족,3.6%,,,,,,,,,,,,,,,
367,,,,,,,,,,,,,,,,,,,,리 다이린,글러브,단영촌천투,표본 부족,0.1%,표본 부족,1.0%,표본 부족,0.7%,표본 부족,0.3%,표본 부족,0.0%,표본 부족,0.0%,,,,,,,,,,,,,,,
368,,,,,,,,,,,,,,,,,,,,,,디바인피스트,0.00%,26.9%,4.2%,30.4%,5.6%,33.1%,0.0%,30.9%,표본 부족,33.3%,표본 부족,11.1%,,,,,,,,,,,,,,,
369,,,,,,,,,,,,,,,,,,,,,,블러드윙너클,표본 부족,0.8%,표본 부족,1.7%,표본 부족,0.7%,표본 부족,0.9%,표본 부족,0.0%,표본 부족,0.0%,,,,,,,,,,,,,,,
370,,,,,,,,,,,,,,,,,,,,,,빙화현옥수,표본 부족,0.2%,표본 부족,1.5%,표본 부족,1.1%,표본 부족,0.0%,표본 부족,0.0%,표본 부족,0.0%,,,,,,,,,,,,,,,
371,,,,,,,,,,,,,,,,,,,,,,여래수투,표본 부족,0.1%,표본 부족,0.0%,표본 부족,1.5%,표본 부족,0.0%,표본 부족,0.0%,표본 부족,55.6%,,,,,,,,,,,,,,,
372,,,,,,,,,,,,,,,,,,,,,,브레이질건틀릿,3.60%,2.0%,표본 부족,1.6%,표본 부족,0.4%,표본 부족,5.6%,표본 부족,0.0%,표본 부족,0.0%,,,,,,,,,,,,,,,
373,,,,,,,,,,,,,,,,,,,,,,소수,2.90%,41.2%,6.2%,35.6%,14.7%,27.9%,0.0%,27.6%,표본 부족,33.3%,표본 부족,11.1%,,,,,,,,,,,,,,,
374,,,,,,,,,,,,,,,,,,,,,,천잠장갑,표본 부족,1.3%,표본 부족,2.1%,표본 부족,4.1%,표본 부족,3.5%,표본 부족,4.8%,표본 부족,0.0%,,,,,,,,,,,,,,,
375,,,,,,,,,,,,,,,,,,,,,,주작자문,13.00%,22.6%,15.6%,24.4%,19.5%,27.7%,8.2%,28.5%,표본 부족,28.6%,표본 부족,22.2%,,,,,,,,,,,,,,,
376,,,,,,,,,,,,,,,,,,,,,,프로스트팽,표본 부족,0.4%,표본 부족,0.2%,표본 부족,1.5%,표본 부족,0.3%,표본 부족,0.0%,표본 부족,0.0%,,,,,,,,,,,,,,,
377,,,,,,,,,,,,,,,,,,,,,쌍절곤,대소반룡곤,2.90%,1.9%,8.8%,15.9%,16.3%,20.2%,표본 부족,1.9%,18.5%,54.9%,표본 부족,67.9%,,,,,,,,,,,,,,,
378,,,,,,,,,,,,,,,,,,,,,,초진동눈차크,1.90%,8.3%,9.9%,5.6%,6.0%,4.4%,표본 부족,6.7%,표본 부족,1.5%,표본 부족,0.0%,,,,,,,,,,,,,,,
379,,,,,,,,,,,,,,,,,,,,,,케르베로스,4.70%,9.3%,8.8%,7.6%,7.4%,6.2%,2.4%,25.8%,표본 부족,3.6%,표본 부족,1.8%,,,,,,,,,,,,,,,
380,,,,,,,,,,,,,,,,,,,,,,블루3,2.70%,76.6%,7.5%,66.2%,11.7%,63.7%,2.9%,63.6%,6.1%,36.0%,표본 부족,23.2%,,,,,,,,,,,,,,,
381,,,,,,,,,,,,,,,,,,,,,,히드라,51.40%,2.4%,54.9%,3.9%,57.7%,5.1%,표본 부족,1.5%,표본 부족,3.3%,표본 부족,7.1%,,,,,,,,,,,,,,,
382,,,,,,,,,,,,,,,,,,,,루크,방망이,구원의여신상,0.50%,4.7%,2.8%,10.4%,3.8%,9.7%,표본 부족,1.0%,표본 부족,1.3%,표본 부족,2.3%,,,,,,,,,,,,,,,
383,,,,,,,,,,,,,,,,,,,,,,타구봉,0.70%,54.0%,2.3%,51.9%,7.4%,51.4%,0.0%,42.1%,표본 부족,43.4%,표본 부족,9.1%,,,,,,,,,,,,,,,
384,,,,,,,,,,,,,,,,,,,,,,스파이의우산,0.00%,0.5%,표본 부족,0.2%,표본 부족,0.2%,표본 부족,0.3%,표본 부족,0.0%,표본 부족,0.0%,,,,,,,,,,,,,,,
385,,,,,,,,,,,,,,,,,,,,,,마법봉,표본 부족,0.2%,표본 부족,0.3%,표본 부족,0.3%,표본 부족,0.0%,표본 부족,0.0%,표본 부족,0.0%,,,,,,,,,,,,,,,
386,,,,,,,,,,,,,,,,,,,,,,팔괘장,표본 부족,0.0%,표본 부족,0.0%,표본 부족,0.0%,표본 부족,0.0%,표본 부족,0.0%,표본 부족,0.0%,,,,,,,,,,,,,,,
387,,,,,,,,,,,,,,,,,,,,,,금강저,3.70%,22.4%,11.1%,14.5%,16.9%,14.4%,2.1%,36.2%,표본 부족,42.1%,표본 부족,84.1%,,,,,,,,,,,,,,,
388,,,,,,,,,,,,,,,,,,,,,,여의봉,26.00%,14.6%,32.3%,21.8%,35.0%,23.7%,17.8%,18.7%,표본 부족,13.2%,표본 부족,2.3%,,,,,,,,,,,,,,,
389,,,,,,,,,,,,,,,,,,,,매그너스,방망이,구원의여신상,1.70%,5.4%,7.0%,7.9%,14.6%,8.7%,표본 부족,6.5%,표본 부족,0.0%,표본 부족,0.0%,,,,,,,,,,,,,,,
390,,,,,,,,,,,,,,,,,,,,,,타구봉,1.50%,43.7%,4.7%,35.5%,5.6%,15.1%,표본 부족,31.7%,표본 부족,51.9%,표본 부족,0.0%,,,,,,,,,,,,,,,
391,,,,,,,,,,,,,,,,,,,,,,스파이의우산,표본 부족,0.8%,표본 부족,3.0%,표본 부족,5.9%,표본 부족,0.0%,표본 부족,0.0%,표본 부족,1.4%,,,,,,,,,,,,,,,
392,,,,,,,,,,,,,,,,,,,,,,마법봉,표본 부족,0.4%,표본 부족,2.8%,표본 부족,4.2%,표본 부족,0.8%,표본 부족,3.7%,표본 부족,1.4%,,,,,,,,,,,,,,,
393,,,,,,,,,,,,,,,,,,,,,,팔괘장,3.50%,5.1%,10.4%,14.2%,28.0%,46.3%,표본 부족,18.7%,표본 부족,22.2%,52.2%,97.2%,,,,,,,,,,,,,,,
394,,,,,,,,,,,,,,,,,,,,,,금강저,4.80%,26.5%,9.1%,24.4%,13.1%,13.0%,0.0%,32.5%,표본 부족,18.5%,표본 부족,0.0%,,,,,,,,,,,,,,,
395,,,,,,,,,,,,,,,,,,,,,,여의봉,24.10%,16.3%,37.7%,11.3%,표본 부족,5.9%,표본 부족,8.1%,표본 부족,3.7%,표본 부족,0.0%,,,,,,,,,,,,,,,
396,,,,,,,,,,,,,,,,,,,,,망치,낭아봉,0.70%,48.4%,6.0%,52.4%,12.3%,53.1%,0.0%,43.8%,7.4%,51.4%,16.7%,63.0%,,,,,,,,,,,,,,,
397,,,,,,,,,,,,,,,,,,,,,,다그다의망치,표본 부족,0.9%,표본 부족,0.6%,표본 부족,1.0%,표본 부족,0.3%,표본 부족,0.0%,표본 부족,0.0%,,,,,,,,,,,,,,,
398,,,,,,,,,,,,,,,,,,,,,,토르의망치,표본 부족,0.8%,4.9%,2.2%,7.1%,4.2%,표본 부족,0.3%,표본 부족,0.0%,표본 부족,0.0%,,,,,,,,,,,,,,,
399,,,,,,,,,,,,,,,,,,,,,,천근추,2.00%,4.3%,6.8%,7.6%,5.6%,10.5%,표본 부족,0.0%,표본 부족,0.8%,표본 부족,0.0%,,,,,,,,,,,,,,,
400,,,,,,,,,,,,,,,,,,,,,,피스브링어,46.50%,1.2%,59.1%,1.6%,표본 부족,1.7%,표본 부족,0.6%,표본 부족,1.4%,표본 부족,0.4%,,,,,,,,,,,,,,,
401,,,,,,,,,,,,,,,,,,,,,,개밥바라기,13.70%,42.1%,28.6%,35.0%,27.8%,29.0%,9.7%,54.3%,29.2%,46.5%,25.6%,36.1%,,,,,,,,,,,,,,,
402,,,,,,,,,,,,,,,,,,,,마이,채찍,뇌룡편,표본 부족,0.3%,표본 부족,0.1%,표본 부족,0.1%,표본 부족,0.0%,표본 부족,0.5%,표본 부족,0.0%,,,,,,,,,,,,,,,
403,,,,,,,,,,,,,,,,,,,,,,글레이프니르,표본 부족,0.2%,표본 부족,0.0%,표본 부족,0.0%,표본 부족,0.0%,표본 부족,0.0%,표본 부족,0.0%,,,,,,,,,,,,,,,
404,,,,,,,,,,,,,,,,,,,,,,플라즈마윕,1.70%,75.7%,9.8%,84.5%,13.8%,85.2%,4.6%,55.1%,16.2%,85.8%,16.4%,98.6%,,,,,,,,,,,,,,,
405,,,,,,,,,,,,,,,,,,,,,,캐소드라쉬,표본 부족,0.1%,표본 부족,0.6%,표본 부족,1.5%,표본 부족,0.8%,표본 부족,0.0%,표본 부족,0.0%,,,,,,,,,,,,,,,
406,,,,,,,,,,,,,,,,,,,,,,우라누스,14.40%,21.4%,34.9%,14.1%,30.9%,12.1%,25.0%,40.7%,31.9%,12.8%,표본 부족,1.4%,,,,,,,,,,,,,,,
407,,,,,,,,,,,,,,,,,,,,,,혈화구절편,표본 부족,0.9%,표본 부족,0.5%,표본 부족,1.1%,표본 부족,3.4%,표본 부족,0.8%,표본 부족,0.0%,,,,,,,,,,,,,,,
408,,,,,,,,,,,,,,,,,,,,마커스,도끼,빔엑스,표본 부족,0.2%,표본 부족,0.1%,표본 부족,0.7%,표본 부족,0.0%,표본 부족,0.0%,표본 부족,0.0%,,,,,,,,,,,,,,,
409,,,,,,,,,,,,,,,,,,,,,,산타무에르떼,0.50%,13.4%,4.8%,24.8%,11.1%,37.0%,표본 부족,13.3%,표본 부족,52.1%,표본 부족,12.8%,,,,,,,,,,,,,,,
410,,,,,,,,,,,,,,,,,,,,,,스퀴테,1.40%,9.4%,7.4%,5.3%,5.1%,8.7%,표본 부족,20.0%,표본 부족,2.1%,표본 부족,12.8%,,,,,,,,,,,,,,,
411,,,,,,,,,,,,,,,,,,,,,,파라슈,1.00%,20.9%,3.2%,18.4%,7.6%,8.8%,표본 부족,26.7%,표본 부족,33.3%,표본 부족,36.2%,,,,,,,,,,,,,,,
412,,,,,,,,,,,,,,,,,,,,,,하르페,0.00%,5.3%,4.7%,6.3%,11.9%,4.7%,표본 부족,13.3%,표본 부족,0.0%,표본 부족,0.0%,,,,,,,,,,,,,,,
413,,,,,,,,,,,,,,,,,,,,,,반고부,20.80%,6.5%,19.4%,10.1%,40.0%,8.9%,표본 부족,6.7%,표본 부족,6.3%,표본 부족,10.6%,,,,,,,,,,,,,,,
414,,,,,,,,,,,,,,,,,,,,,,저거너트,2.60%,36.7%,2.1%,33.2%,11.9%,30.9%,표본 부족,20.0%,표본 부족,6.3%,표본 부족,27.7%,,,,,,,,,,,,,,,
415,,,,,,,,,,,,,,,,,,,,나딘,활,편전,1.50%,5.9%,표본 부족,7.3%,표본 부족,5.0%,표본 부족,1.0%,표본 부족,0.0%,표본 부족,0.0%,,,,,,,,,,,,,,,
416,,,,,,,,,,,,,,,,,,,,,,골든래쇼보우,2.00%,31.3%,3.8%,49.5%,9.6%,43.9%,0.0%,25.5%,표본 부족,25.0%,표본 부족,39.7%,,,,,,,,,,,,,,,
417,,,,,,,,,,,,,,,,,,,,,,트윈보우,표본 부족,1.1%,표본 부족,0.9%,표본 부족,1.7%,표본 부족,1.0%,표본 부족,8.3%,표본 부족,0.0%,,,,,,,,,,,,,,,
418,,,,,,,,,,,,,,,,,,,,,,엘리멘탈보우,1.80%,5.1%,표본 부족,2.4%,표본 부족,1.7%,표본 부족,16.3%,표본 부족,16.7%,표본 부족,0.0%,,,,,,,,,,,,,,,
419,,,,,,,,,,,,,,,,,,,,,,제베의활,0.90%,28.9%,1.7%,11.1%,5.2%,9.7%,표본 부족,12.2%,표본 부족,0.0%,표본 부족,1.4%,,,,,,,,,,,,,,,
420,,,,,,,,,,,,,,,,,,,,,,아르테미스,표본 부족,1.6%,표본 부족,3.6%,표본 부족,5.9%,표본 부족,1.5%,표본 부족,0.0%,표본 부족,1.4%,,,,,,,,,,,,,,,
421,,,,,,,,,,,,,,,,,,,,,,아르기로톡소스,31.70%,20.8%,45.6%,23.5%,46.0%,29.6%,34.2%,38.8%,표본 부족,50.0%,59.5%,57.5%,,,,,,,,,,,,,,,
422,,,,,,,,,,,,,,,,,,,,,,페일노트,표본 부족,1.4%,표본 부족,0.9%,표본 부족,2.2%,표본 부족,1.0%,표본 부족,0.0%,표본 부족,0.0%,,,,,,,,,,,,,,,
423,,,,,,,,,,,,,,,,,,,,,석궁,대황,2.90%,12.9%,표본 부족,5.0%,표본 부족,1.2%,표본 부족,0.0%,표본 부족,0.0%,표본 부족,0.0%,,,,,,,,,,,,,,,
424,,,,,,,,,,,,,,,,,,,,,,발리스타,표본 부족,1.8%,표본 부족,5.9%,표본 부족,11.4%,표본 부족,16.7%,표본 부족,0.0%,표본 부족,0.0%,,,,,,,,,,,,,,,
425,,,,,,,,,,,,,,,,,,,,,,저격크로스보우,1.10%,56.1%,2.3%,57.9%,12.8%,56.3%,표본 부족,33.3%,표본 부족,50.0%,표본 부족,41.7%,,,,,,,,,,,,,,,
426,,,,,,,,,,,,,,,,,,,,,,영광금귀신기노,2.10%,5.9%,표본 부족,3.2%,표본 부족,2.4%,표본 부족,0.0%,표본 부족,0.0%,표본 부족,0.0%,,,,,,,,,,,,,,,
427,,,,,,,,,,,,,,,,,,,,,,샤릉가,29.90%,16.5%,29.6%,24.4%,25.0%,28.7%,표본 부족,50.0%,표본 부족,50.0%,표본 부족,58.3%,,,,,,,,,,,,,,,
428,,,,,,,,,,,,,,,,,,,,나타폰,카메라,미러리스,1.40%,22.3%,6.5%,12.5%,4.3%,15.4%,표본 부족,23.7%,표본 부족,14.1%,표본 부족,20.0%,,,,,,,,,,,,,,,
429,,,,,,,,,,,,,,,,,,,,,,컴파운드사이트,표본 부족,0.5%,표본 부족,0.2%,표본 부족,0.3%,표본 부족,0.0%,표본 부족,0.0%,표본 부족,0.0%,,,,,,,,,,,,,,,
430,,,,,,,,,,,,,,,,,,,,,,카메라캐논,0.00%,3.7%,5.7%,13.0%,6.1%,11.0%,표본 부족,2.3%,표본 부족,15.2%,표본 부족,15.0%,,,,,,,,,,,,,,,
431,,,,,,,,,,,,,,,,,,,,,,VICG,0.60%,51.7%,4.0%,51.0%,9.4%,47.1%,0.0%,42.0%,표본 부족,37.0%,표본 부족,50.0%,,,,,,,,,,,,,,,
432,,,,,,,,,,,,,,,,,,,,,,울트라비전,22.20%,15.9%,38.1%,21.9%,40.7%,25.3%,표본 부족,27.5%,표본 부족,33.7%,표본 부족,15.0%,,,,,,,,,,,,,,,
433,,,,,,,,,,,,,,,,,,,,니키,글러브,단영촌천투,3.00%,2.1%,2.6%,2.7%,10.9%,5.9%,표본 부족,2.9%,표본 부족,3.5%,표본 부족,18.1%,,,,,,,,,,,,,,,
434,,,,,,,,,,,,,,,,,,,,,,디바인피스트,표본 부족,0.6%,표본 부족,0.0%,표본 부족,0.5%,표본 부족,0.0%,표본 부족,0.0%,표본 부족,0.0%,,,,,,,,,,,,,,,
435,,,,,,,,,,,,,,,,,,,,,,블러드윙너클,표본 부족,0.0%,표본 부족,0.2%,표본 부족,0.0%,표본 부족,0.0%,표본 부족,0.0%,표본 부족,0.0%,,,,,,,,,,,,,,,
436,,,,,,,,,,,,,,,,,,,,,,빙화현옥수,1.00%,3.1%,3.8%,7.5%,8.2%,9.1%,2.3%,10.6%,표본 부족,1.0%,표본 부족,0.0%,,,,,,,,,,,,,,,
437,,,,,,,,,,,,,,,,,,,,,,여래수투,1.00%,46.4%,4.4%,53.9%,10.2%,50.3%,0.8%,30.5%,8.7%,48.4%,12.3%,47.1%,,,,,,,,,,,,,,,
438,,,,,,,,,,,,,,,,,,,,,,브레이질건틀릿,0.50%,3.2%,1.9%,1.9%,표본 부족,0.9%,표본 부족,0.0%,표본 부족,0.3%,표본 부족,0.0%,,,,,,,,,,,,,,,
439,,,,,,,,,,,,,,,,,,,,,,소수,표본 부족,0.3%,표본 부족,0.1%,표본 부족,0.0%,표본 부족,0.0%,표본 부족,0.0%,표본 부족,0.0%,,,,,,,,,,,,,,,
440,,,,,,,,,,,,,,,,,,,,,,천잠장갑,표본 부족,0.2%,표본 부족,0.2%,표본 부족,0.2%,표본 부족,0.2%,표본 부족,0.3%,표본 부족,0.0%,,,,,,,,,,,,,,,
441,,,,,,,,,,,,,,,,,,,,,,주작자문,12.00%,1.2%,표본 부족,0.9%,표본 부족,1.6%,표본 부족,0.0%,표본 부족,0.0%,표본 부족,0.0%,,,,,,,,,,,,,,,
442,,,,,,,,,,,,,,,,,,,,,,프로스트팽,9.30%,39.4%,20.2%,31.3%,29.3%,30.9%,10.4%,54.3%,23.1%,46.1%,29.2%,34.8%,,,,,,,,,,,,,,,
443,,,,,,,,,,,,,,,,,,,,프리야,기타,보헤미안,표본 부족,0.0%,표본 부족,0.0%,표본 부족,0.0%,표본 부족,0.0%,표본 부족,0.0%,표본 부족,0.0%,,,,,,,,,,,,,,,
444,,,,,,,,,,,,,,,,,,,,,,천국의계단,5.20%,82.2%,12.3%,64.2%,23.2%,78.5%,2.1%,100.0%,표본 부족,53.8%,13.8%,89.9%,,,,,,,,,,,,,,,
445,,,,,,,,,,,,,,,,,,,,,,퍼플헤이즈,표본 부족,13.9%,10.0%,33.7%,12.6%,20.3%,표본 부족,0.0%,표본 부족,43.6%,표본 부족,10.1%,,,,,,,,,,,,,,,
446,,,,,,,,,,,,,,,,,,,,,,새티스팩션,표본 부족,0.0%,표본 부족,0.3%,표본 부족,0.0%,표본 부족,0.0%,표본 부족,0.0%,표본 부족,0.0%,,,,,,,,,,,,,,,
447,,,,,,,,,,,,,,,,,,,,,,원더풀투나잇,표본 부족,0.4%,표본 부족,0.7%,표본 부족,0.6%,표본 부족,0.0%,표본 부족,0.0%,표본 부족,0.0%,,,,,,,,,,,,,,,
448,,,,,,,,,,,,,,,,,,,,,,더월,표본 부족,1.2%,표본 부족,0.0%,표본 부족,0.4%,표본 부족,0.0%,표본 부족,0.0%,표본 부족,0.0%,,,,,,,,,,,,,,,
449,,,,,,,,,,,,,,,,,,,,,,틴스피릿,표본 부족,0.0%,표본 부족,0.0%,표본 부족,0.0%,표본 부족,0.0%,표본 부족,0.0%,표본 부족,0.0%,,,,,,,,,,,,,,,
450,,,,,,,,,,,,,,,,,,,,리오,활,편전,4.00%,8.5%,3.0%,6.3%,5.5%,5.0%,1.7%,8.0%,표본 부족,11.4%,표본 부족,0.0%,,,,,,,,,,,,,,,
451,,,,,,,,,,,,,,,,,,,,,,골든래쇼보우,표본 부족,0.2%,표본 부족,0.3%,표본 부족,1.1%,표본 부족,0.0%,표본 부족,0.0%,표본 부족,0.0%,,,,,,,,,,,,,,,
452,,,,,,,,,,,,,,,,,,,,,,트윈보우,5.80%,6.5%,표본 부족,0.6%,표본 부족,0.5%,7.1%,33.1%,표본 부족,0.0%,표본 부족,0.0%,,,,,,,,,,,,,,,
453,,,,,,,,,,,,,,,,,,,,,,엘리멘탈보우,표본 부족,0.3%,표본 부족,1.0%,표본 부족,0.3%,표본 부족,0.4%,표본 부족,0.0%,표본 부족,0.0%,,,,,,,,,,,,,,,
454,,,,,,,,,,,,,,,,,,,,,,제베의활,0.70%,72.1%,2.8%,78.0%,6.1%,74.0%,0.0%,44.4%,0.0%,64.3%,4.2%,81.4%,,,,,,,,,,,,,,,
455,,,,,,,,,,,,,,,,,,,,,,아르테미스,표본 부족,0.4%,표본 부족,0.6%,표본 부족,1.1%,표본 부족,0.0%,표본 부족,0.0%,표본 부족,0.0%,,,,,,,,,,,,,,,
456,,,,,,,,,,,,,,,,,,,,,,아르기로톡소스,27.80%,2.0%,35.5%,6.2%,39.4%,8.4%,표본 부족,2.1%,표본 부족,15.7%,표본 부족,11.9%,,,,,,,,,,,,,,,
457,,,,,,,,,,,,,,,,,,,,,,페일노트,64.20%,6.1%,46.5%,6.4%,53.8%,9.3%,75.3%,11.2%,표본 부족,8.6%,표본 부족,6.8%,,,,,,,,,,,,,,,
458,,,,,,,,,,,,,,,,,,,,로지,권총,마탄의사수,표본 부족,0.1%,표본 부족,0.1%,표본 부족,0.6%,표본 부족,0.0%,표본 부족,0.0%,표본 부족,0.0%,,,,,,,,,,,,,,,
459,,,,,,,,,,,,,,,,,,,,,,엘레강스,표본 부족,0.1%,표본 부족,0.0%,표본 부족,0.0%,표본 부족,0.0%,표본 부족,0.0%,표본 부족,0.0%,,,,,,,,,,,,,,,
460,,,,,,,,,,,,,,,,,,,,,,일렉트론블라스터,2.10%,25.6%,4.3%,34.4%,10.5%,27.5%,표본 부족,1.3%,표본 부족,15.6%,표본 부족,9.0%,,,,,,,,,,,,,,,
461,,,,,,,,,,,,,,,,,,,,,,매그넘-보아,4.00%,56.8%,5.3%,44.8%,11.8%,44.6%,7.7%,86.6%,표본 부족,73.3%,10.8%,55.2%,,,,,,,,,,,,,,,
462,,,,,,,,,,,,,,,,,,,,,,글록48,0.00%,4.0%,4.6%,4.7%,9.6%,4.7%,표본 부족,1.3%,표본 부족,0.0%,표본 부족,1.5%,,,,,,,,,,,,,,,
463,,,,,,,,,,,,,,,,,,,,,,플라즈마건,표본 부족,0.4%,표본 부족,0.7%,표본 부족,0.1%,표본 부족,0.0%,표본 부족,0.0%,표본 부족,0.0%,,,,,,,,,,,,,,,
464,,,,,,,,,,,,,,,,,,,,,,스탬피드,표본 부족,0.2%,표본 부족,0.0%,표본 부족,0.0%,표본 부족,0.0%,표본 부족,0.0%,표본 부족,0.0%,,,,,,,,,,,,,,,
465,,,,,,,,,,,,,,,,,,,,,,악켈테,31.50%,7.9%,38.9%,14.6%,38.9%,22.0%,표본 부족,8.7%,표본 부족,11.1%,30.4%,34.3%,,,,,,,,,,,,,,,
466,,,,,,,,,,,,,,,,,,,,쇼이치,단검,카른웬난,표본 부족,0.1%,표본 부족,0.4%,표본 부족,0.5%,표본 부족,0.0%,표본 부족,5.6%,표본 부족,9.1%,,,,,,,,,,,,,,,
467,,,,,,,,,,,,,,,,,,,,,,파산검,5.40%,26.7%,14.6%,36.0%,16.5%,41.0%,4.9%,23.5%,표본 부족,55.6%,표본 부족,54.5%,,,,,,,,,,,,,,,
468,,,,,,,,,,,,,,,,,,,,,,초진동나이프,4.20%,66.9%,9.6%,57.2%,13.4%,52.7%,4.6%,69.4%,표본 부족,30.6%,표본 부족,27.3%,,,,,,,,,,,,,,,
469,,,,,,,,,,,,,,,,,,,,,,다마스커스가시,표본 부족,0.4%,표본 부족,0.2%,표본 부족,0.2%,표본 부족,0.2%,표본 부족,0.0%,표본 부족,0.0%,,,,,,,,,,,,,,,
470,,,,,,,,,,,,,,,,,,,,,,마하라자,2.10%,2.8%,표본 부족,1.5%,표본 부족,0.9%,표본 부족,4.3%,표본 부족,2.8%,표본 부족,9.1%,,,,,,,,,,,,,,,
471,,,,,,,,,,,,,,,,,,,,,,프라가라흐,27.50%,1.6%,38.9%,4.4%,38.6%,4.4%,표본 부족,1.3%,표본 부족,5.6%,표본 부족,0.0%,,,,,,,,,,,,,,,
472,,,,,,,,,,,,,,,,,,,,실비아,권총,마탄의사수,17.20%,5.8%,25.0%,9.3%,25.8%,9.7%,표본 부족,4.9%,표본 부족,4.0%,표본 부족,11.4%,,,,,,,,,,,,,,,
473,,,,,,,,,,,,,,,,,,,,,,엘레강스,1.10%,10.0%,6.1%,17.0%,13.3%,15.4%,표본 부족,3.0%,표본 부족,11.0%,표본 부족,24.3%,,,,,,,,,,,,,,,
474,,,,,,,,,,,,,,,,,,,,,,일렉트론블라스터,표본 부족,0.9%,표본 부족,0.6%,표본 부족,0.2%,표본 부족,2.2%,표본 부족,0.0%,표본 부족,0.0%,,,,,,,,,,,,,,,
475,,,,,,,,,,,,,,,,,,,,,,매그넘-보아,0.70%,5.1%,2.2%,5.8%,2.0%,7.9%,표본 부족,0.5%,표본 부족,4.0%,표본 부족,1.4%,,,,,,,,,,,,,,,
476,,,,,,,,,,,,,,,,,,,,,,글록48,표본 부족,0.9%,표본 부족,1.5%,10.2%,9.3%,표본 부족,0.0%,표본 부족,0.0%,표본 부족,0.0%,,,,,,,,,,,,,,,
477,,,,,,,,,,,,,,,,,,,,,,플라즈마건,표본 부족,0.6%,표본 부족,0.1%,표본 부족,0.0%,표본 부족,0.0%,표본 부족,0.0%,표본 부족,0.0%,,,,,,,,,,,,,,,
478,,,,,,,,,,,,,,,,,,,,,,스탬피드,2.80%,60.1%,8.6%,44.6%,14.3%,36.3%,6.6%,74.7%,표본 부족,33.0%,표본 부족,21.4%,,,,,,,,,,,,,,,
479,,,,,,,,,,,,,,,,,,,,,,악켈테,19.40%,12.7%,40.4%,20.1%,52.7%,20.3%,44.4%,12.3%,42.6%,47.0%,표본 부족,41.4%,,,,,,,,,,,,,,,
480,,,,,,,,,,,,,,,,,,,,시셀라,암기,미치광이왕의카드,표본 부족,0.0%,표본 부족,0.0%,표본 부족,0.0%,표본 부족,0.0%,표본 부족,0.0%,표본 부족,0.0%,,,,,,,,,,,,,,,
481,,,,,,,,,,,,,,,,,,,,,,옥전결,0.80%,26.8%,3.5%,27.6%,7.2%,23.4%,0.0%,32.4%,0.0%,24.2%,표본 부족,8.8%,,,,,,,,,,,,,,,
482,,,,,,,,,,,,,,,,,,,,,,풍마수리검,0.30%,19.0%,3.7%,18.3%,6.2%,15.4%,표본 부족,8.8%,표본 부족,6.6%,표본 부족,7.6%,,,,,,,,,,,,,,,
483,,,,,,,,,,,,,,,,,,,,,,빙백은침,표본 부족,0.0%,표본 부족,0.0%,표본 부족,0.0%,표본 부족,0.0%,표본 부족,0.0%,표본 부족,0.0%,,,,,,,,,,,,,,,
484,,,,,,,,,,,,,,,,,,,,,,푸른색단도,1.60%,5.0%,1.4%,2.9%,표본 부족,1.5%,표본 부족,1.8%,표본 부족,0.0%,표본 부족,0.6%,,,,,,,,,,,,,,,
485,,,,,,,,,,,,,,,,,,,,,,플레솃,표본 부족,0.2%,표본 부족,0.1%,표본 부족,0.0%,표본 부족,1.2%,표본 부족,0.0%,표본 부족,0.0%,,,,,,,,,,,,,,,
486,,,,,,,,,,,,,,,,,,,,,,건곤권,0.00%,11.0%,3.6%,4.7%,5.0%,4.3%,표본 부족,6.5%,표본 부족,1.6%,표본 부족,0.0%,,,,,,,,,,,,,,,
487,,,,,,,,,,,,,,,,,,,,,,생사부,17.60%,31.8%,25.1%,43.8%,30.5%,52.4%,14.3%,45.3%,25.6%,65.6%,30.9%,81.8%,,,,,,,,,,,,,,,
488,,,,,,,,,,,,,,,,,,,,,,수다르사나,32.50%,1.0%,표본 부족,1.6%,27.9%,1.9%,표본 부족,1.2%,표본 부족,0.8%,표본 부족,0.6%,,,,,,,,,,,,,,,
489,,,,,,,,,,,,,,,,,,,,,,만천화우,표본 부족,0.5%,표본 부족,0.2%,표본 부족,0.2%,표본 부족,0.6%,표본 부족,0.0%,표본 부족,0.0%,,,,,,,,,,,,,,,
490,,,,,,,,,,,,,,,,,,,,,투척,연막탄,0.90%,62.5%,6.4%,35.7%,9.6%,22.6%,1.3%,85.6%,표본 부족,31.2%,표본 부족,16.7%,,,,,,,,,,,,,,,
491,,,,,,,,,,,,,,,,,,,,,,소이탄,표본 부족,3.1%,표본 부족,10.9%,표본 부족,3.9%,표본 부족,0.0%,표본 부족,2.2%,표본 부족,16.7%,,,,,,,,,,,,,,,
492,,,,,,,,,,,,,,,,,,,,,,다비드슬링,0.00%,6.9%,표본 부족,3.7%,표본 부족,2.6%,표본 부족,1.1%,표본 부족,2.2%,표본 부족,0.0%,,,,,,,,,,,,,,,
493,,,,,,,,,,,,,,,,,,,,,,안티오크의수류탄,표본 부족,0.0%,표본 부족,0.0%,표본 부족,0.0%,표본 부족,0.0%,표본 부족,0.0%,표본 부족,0.0%,,,,,,,,,,,,,,,
494,,,,,,,,,,,,,,,,,,,,,,루테늄구슬,1.80%,15.4%,10.2%,30.9%,16.5%,37.0%,표본 부족,0.0%,6.3%,51.6%,표본 부족,50.0%,,,,,,,,,,,,,,,
495,,,,,,,,,,,,,,,,,,,,,,파이어볼,표본 부족,0.8%,표본 부족,1.7%,표본 부족,6.1%,표본 부족,0.0%,표본 부족,3.2%,표본 부족,16.7%,,,,,,,,,,,,,,,
496,,,,,,,,,,,,,,,,,,,,,,아스트라페,표본 부족,0.3%,표본 부족,0.0%,표본 부족,0.9%,표본 부족,0.0%,표본 부족,0.0%,표본 부족,0.0%,,,,,,,,,,,,,,,
497,,,,,,,,,,,,,,,,,,,,,,점착폭탄,표본 부족,0.1%,표본 부족,3.4%,표본 부족,13.0%,표본 부족,0.0%,표본 부족,0.0%,표본 부족,0.0%,,,,,,,,,,,,,,,
498,,,,,,,,,,,,,,,,,,,,,,프리즘볼,31.30%,6.5%,50.0%,13.1%,표본 부족,13.5%,표본 부족,11.6%,표본 부족,9.7%,표본 부족,0.0%,,,,,,,,,,,,,,,
499,,,,,,,,,,,,,,,,,,,,수아,망치,낭아봉,0.80%,62.8%,4.9%,62.3%,8.4%,60.2%,2.4%,54.8%,6.8%,54.4%,15.8%,54.3%,,,,,,,,,,,,,,,
500,,,,,,,,,,,,,,,,,,,,,,다그다의망치,표본 부족,0.0%,표본 부족,0.3%,표본 부족,0.1%,표본 부족,0.0%,표본 부족,0.0%,표본 부족,0.0%,,,,,,,,,,,,,,,
501,,,,,,,,,,,,,,,,,,,,,,토르의망치,표본 부족,0.1%,표본 부족,0.4%,표본 부족,0.2%,표본 부족,0.0%,표본 부족,2.3%,표본 부족,0.0%,,,,,,,,,,,,,,,
502,,,,,,,,,,,,,,,,,,,,,,천근추,표본 부족,0.2%,표본 부족,0.5%,4.5%,1.2%,표본 부족,0.0%,표본 부족,0.5%,표본 부족,0.0%,,,,,,,,,,,,,,,
503,,,,,,,,,,,,,,,,,,,,,,피스브링어,표본 부족,0.2%,표본 부족,0.4%,표본 부족,0.5%,표본 부족,0.7%,표본 부족,0.5%,표본 부족,1.9%,,,,,,,,,,,,,,,
504,,,,,,,,,,,,,,,,,,,,,,개밥바라기,12.50%,34.5%,19.7%,35.6%,25.8%,37.5%,11.9%,43.5%,16.5%,41.9%,17.4%,43.8%,,,,,,,,,,,,,,,
505,,,,,,,,,,,,,,,,,,,,띠아,방망이,구원의여신상,표본 부족,0.0%,표본 부족,0.0%,표본 부족,0.1%,표본 부족,0.0%,표본 부족,0.0%,표본 부족,0.0%,,,,,,,,,,,,,,,
506,,,,,,,,,,,,,,,,,,,,,,타구봉,표본 부족,0.0%,표본 부족,0.0%,표본 부족,0.0%,표본 부족,0.0%,표본 부족,0.0%,표본 부족,0.0%,,,,,,,,,,,,,,,
507,,,,,,,,,,,,,,,,,,,,,,스파이의우산,표본 부족,0.5%,표본 부족,0.6%,표본 부족,1.4%,표본 부족,0.0%,표본 부족,0.0%,표본 부족,0.0%,,,,,,,,,,,,,,,
508,,,,,,,,,,,,,,,,,,,,,,마법봉,14.70%,4.9%,26.0%,8.3%,29.5%,7.2%,표본 부족,0.7%,표본 부족,5.4%,표본 부족,3.6%,,,,,,,,,,,,,,,
509,,,,,,,,,,,,,,,,,,,,,,팔괘장,3.40%,90.4%,9.5%,89.3%,14.6%,90.1%,7.1%,95.9%,10.4%,94.0%,21.7%,95.5%,,,,,,,,,,,,,,,
510,,,,,,,,,,,,,,,,,,,,,,금강저,표본 부족,0.0%,표본 부족,0.0%,표본 부족,0.0%,표본 부족,0.0%,표본 부족,0.0%,표본 부족,0.0%,,,,,,,,,,,,,,,
511,,,,,,,,,,,,,,,,,,,,,,여의봉,표본 부족,0.5%,표본 부족,0.9%,표본 부족,1.0%,표본 부족,0.7%,표본 부족,0.5%,표본 부족,0.0%,,,,,,,,,,,,,,,
512,,,,,,,,,,,,,,,,,,,,윌리엄,투척,연막탄,6.90%,66.0%,11.3%,48.2%,12.5%,32.9%,13.6%,81.5%,20.0%,39.1%,표본 부족,15.1%,,,,,,,,,,,,,,,
513,,,,,,,,,,,,,,,,,,,,,,소이탄,0.00%,4.5%,표본 부족,0.5%,표본 부족,0.5%,표본 부족,8.8%,표본 부족,0.0%,표본 부족,0.0%,,,,,,,,,,,,,,,
514,,,,,,,,,,,,,,,,,,,,,,다비드슬링,1.60%,7.1%,3.5%,6.2%,10.6%,6.5%,표본 부족,1.4%,표본 부족,2.9%,표본 부족,0.7%,,,,,,,,,,,,,,,
515,,,,,,,,,,,,,,,,,,,,,,안티오크의수류탄,표본 부족,0.0%,표본 부족,0.0%,표본 부족,0.0%,표본 부족,0.0%,표본 부족,0.0%,표본 부족,0.0%,,,,,,,,,,,,,,,
516,,,,,,,,,,,,,,,,,,,,,,루테늄구슬,표본 부족,0.0%,표본 부족,0.0%,표본 부족,0.0%,표본 부족,0.0%,표본 부족,0.0%,표본 부족,0.0%,,,,,,,,,,,,,,,
517,,,,,,,,,,,,,,,,,,,,,,파이어볼,표본 부족,0.0%,표본 부족,0.0%,표본 부족,0.0%,표본 부족,0.0%,표본 부족,0.0%,표본 부족,0.0%,,,,,,,,,,,,,,,
518,,,,,,,,,,,,,,,,,,,,,,아스트라페,1.30%,11.7%,4.8%,28.4%,6.3%,32.7%,표본 부족,1.9%,5.5%,37.4%,표본 부족,22.6%,,,,,,,,,,,,,,,
519,,,,,,,,,,,,,,,,,,,,,,점착폭탄,표본 부족,0.0%,표본 부족,0.0%,표본 부족,0.0%,표본 부족,0.0%,표본 부족,0.0%,표본 부족,0.0%,,,,,,,,,,,,,,,
520,,,,,,,,,,,,,,,,,,,,,,프리즘볼,39.60%,5.5%,44.4%,15.5%,46.0%,25.9%,표본 부족,3.7%,50.0%,19.8%,61.1%,61.6%,,,,,,,,,,,,,,,
521,,,,,,,,,,,,,,,,,,,,쇼우,창,애각창,표본 부족,0.2%,표본 부족,0.0%,표본 부족,0.0%,표본 부족,0.0%,표본 부족,0.0%,표본 부족,0.0%,,,,,,,,,,,,,,,
522,,,,,,,,,,,,,,,,,,,,,,장팔사모,표본 부족,0.0%,표본 부족,0.0%,표본 부족,0.0%,표본 부족,0.0%,표본 부족,0.0%,표본 부족,0.0%,,,,,,,,,,,,,,,
523,,,,,,,,,,,,,,,,,,,,,,코스믹바이던트,표본 부족,0.0%,표본 부족,0.0%,표본 부족,0.0%,표본 부족,0.0%,표본 부족,0.0%,표본 부족,0.0%,,,,,,,,,,,,,,,
524,,,,,,,,,,,,,,,,,,,,,,트리아이나,9.10%,64.4%,14.9%,81.3%,21.9%,67.6%,8.9%,62.7%,표본 부족,82.1%,44.4%,57.0%,,,,,,,,,,,,,,,
525,,,,,,,,,,,,,,,,,,,,,,화첨창,표본 부족,0.5%,표본 부족,0.2%,표본 부족,0.3%,표본 부족,0.8%,표본 부족,0.0%,표본 부족,0.0%,,,,,,,,,,,,,,,
526,,,,,,,,,,,,,,,,,,,,,,방천화극,7.70%,26.4%,9.7%,13.8%,21.8%,25.4%,7.0%,34.1%,표본 부족,17.9%,표본 부족,43.0%,,,,,,,,,,,,,,,
527,,,,,,,,,,,,,,,,,,,,,,청룡언월도,표본 부족,1.0%,표본 부족,3.5%,표본 부족,5.3%,표본 부족,0.0%,표본 부족,0.0%,표본 부족,0.0%,,,,,,,,,,,,,,,
528,,,,,,,,,,,,,,,,,,,,,,롱기누스의창,표본 부족,0.2%,표본 부족,0.2%,표본 부족,0.5%,표본 부족,0.0%,표본 부족,0.0%,표본 부족,0.0%,,,,,,,,,,,,,,,
529,,,,,,,,,,,,,,,,,,,,,단검,카른웬난,표본 부족,4.3%,표본 부족,0.0%,표본 부족,0.0%,표본 부족,0.0%,표본 부족,0.0%,표본 부족,0.0%,,,,,,,,,,,,,,,
530,,,,,,,,,,,,,,,,,,,,,,파산검,표본 부족,18.5%,표본 부족,53.8%,표본 부족,76.5%,표본 부족,0.0%,표본 부족,100.0%,표본 부족,100.0%,,,,,,,,,,,,,,,
531,,,,,,,,,,,,,,,,,,,,,,초진동나이프,3.40%,71.6%,표본 부족,38.5%,표본 부족,5.9%,표본 부족,88.9%,표본 부족,0.0%,표본 부족,0.0%,,,,,,,,,,,,,,,
532,,,,,,,,,,,,,,,,,,,,,,다마스커스가시,표본 부족,0.0%,표본 부족,0.0%,표본 부족,0.0%,표본 부족,0.0%,표본 부족,0.0%,표본 부족,0.0%,,,,,,,,,,,,,,,
533,,,,,,,,,,,,,,,,,,,,,,마하라자,표본 부족,1.2%,표본 부족,7.7%,표본 부족,17.6%,표본 부족,0.0%,표본 부족,0.0%,표본 부족,0.0%,,,,,,,,,,,,,,,
534,,,,,,,,,,,,,,,,,,,,,,프라가라흐,표본 부족,1.2%,표본 부족,0.0%,표본 부족,0.0%,표본 부족,11.1%,표본 부족,0.0%,표본 부족,0.0%,,,,,,,,,,,,,,,
535,,,,,,,,,,,,,,,,,,,,유키,양손검,뚜언띠엔,0.70%,49.8%,3.8%,54.1%,7.4%,46.7%,0.0%,37.6%,0.0%,66.2%,17.4%,40.7%,,,,,,,,,,,,,,,
536,,,,,,,,,,,,,,,,,,,,,,아론다이트,0.80%,2.7%,3.3%,3.5%,5.9%,4.0%,표본 부족,1.5%,표본 부족,2.7%,표본 부족,5.3%,,,,,,,,,,,,,,,
537,,,,,,,,,,,,,,,,,,,,,,엑스칼리버,1.30%,1.6%,9.3%,4.2%,15.1%,9.3%,표본 부족,1.5%,표본 부족,1.4%,표본 부족,7.1%,,,,,,,,,,,,,,,
538,,,,,,,,,,,,,,,,,,,,,,플라즈마소드,표본 부족,0.1%,표본 부족,0.1%,표본 부족,0.1%,표본 부족,0.0%,표본 부족,0.0%,표본 부족,0.0%,,,,,,,,,,,,,,,
539,,,,,,,,,,,,,,,,,,,,,,빛의검,8.20%,4.0%,17.8%,5.4%,18.6%,5.5%,표본 부족,2.2%,표본 부족,2.7%,표본 부족,9.7%,,,,,,,,,,,,,,,
540,,,,,,,,,,,,,,,,,,,,,,레바테인,10.60%,9.3%,18.1%,15.0%,23.8%,15.3%,표본 부족,3.1%,표본 부족,8.1%,표본 부족,11.5%,,,,,,,,,,,,,,,
541,,,,,,,,,,,,,,,,,,,,,,모노호시자오,3.90%,10.3%,15.2%,3.7%,21.7%,3.6%,3.3%,28.3%,표본 부족,2.7%,표본 부족,8.0%,,,,,,,,,,,,,,,
542,,,,,,,,,,,,,,,,,,,,,,호푸어드,1.20%,8.6%,4.3%,5.9%,9.0%,7.8%,표본 부족,4.3%,표본 부족,8.1%,표본 부족,9.7%,,,,,,,,,,,,,,,
543,,,,,,,,,,,,,,,,,,,,,,알마스,2.20%,0.5%,표본 부족,0.7%,표본 부족,0.9%,표본 부족,0.0%,표본 부족,0.0%,표본 부족,0.0%,,,,,,,,,,,,,,,
544,,,,,,,,,,,,,,,,,,,,,,다인슬라이프,34.50%,8.1%,51.4%,6.1%,60.0%,6.1%,15.4%,19.3%,표본 부족,8.1%,표본 부족,7.1%,,,,,,,,,,,,,,,
545,,,,,,,,,,,,,,,,,,,,,쌍검,이천일류,1.10%,45.7%,5.1%,33.5%,8.6%,32.2%,표본 부족,71.2%,6.0%,38.5%,표본 부족,70.2%,,,,,,,,,,,,,,,
546,,,,,,,,,,,,,,,,,,,,,,자웅일대검,13.00%,11.3%,18.8%,13.7%,17.4%,11.0%,표본 부족,13.5%,표본 부족,13.8%,표본 부족,12.8%,,,,,,,,,,,,,,,
547,,,,,,,,,,,,,,,,,,,,,,디오스쿠로이,0.10%,29.0%,2.9%,31.4%,5.9%,25.8%,표본 부족,5.8%,표본 부족,21.5%,표본 부족,4.3%,,,,,,,,,,,,,,,
548,,,,,,,,,,,,,,,,,,,,,,로이거 차르,6.10%,1.2%,23.7%,4.7%,27.2%,8.8%,표본 부족,0.0%,표본 부족,3.1%,표본 부족,0.0%,,,,,,,,,,,,,,,
549,,,,,,,,,,,,,,,,,,,,,,아수라,2.90%,2.6%,3.7%,5.5%,13.3%,11.5%,표본 부족,0.0%,표본 부족,3.1%,표본 부족,8.5%,,,,,,,,,,,,,,,
550,,,,,,,,,,,,,,,,,,,,,,간장과막야,22.90%,7.9%,24.9%,10.7%,26.8%,10.7%,표본 부족,7.7%,표본 부족,20.0%,표본 부족,4.3%,,,,,,,,,,,,,,,
551,,,,,,,,,,,,,,,,,,,,자히르,투척,연막탄,표본 부족,0.0%,표본 부족,0.0%,표본 부족,0.0%,표본 부족,0.0%,표본 부족,0.0%,표본 부족,0.0%,,,,,,,,,,,,,,,
552,,,,,,,,,,,,,,,,,,,,,,소이탄,5.40%,14.0%,21.7%,15.3%,표본 부족,6.3%,표본 부족,11.8%,표본 부족,25.5%,표본 부족,15.2%,,,,,,,,,,,,,,,
553,,,,,,,,,,,,,,,,,,,,,,다비드슬링,표본 부족,0.0%,표본 부족,0.0%,표본 부족,0.0%,표본 부족,0.0%,표본 부족,0.0%,표본 부족,0.0%,,,,,,,,,,,,,,,
554,,,,,,,,,,,,,,,,,,,,,,안티오크의수류탄,표본 부족,0.0%,표본 부족,0.0%,표본 부족,0.0%,표본 부족,0.0%,표본 부족,0.0%,표본 부족,0.0%,,,,,,,,,,,,,,,
555,,,,,,,,,,,,,,,,,,,,,,루테늄구슬,4.80%,52.1%,12.8%,62.7%,18.2%,62.7%,표본 부족,52.9%,표본 부족,61.7%,표본 부족,21.7%,,,,,,,,,,,,,,,
556,,,,,,,,,,,,,,,,,,,,,,파이어볼,12.50%,14.0%,19.0%,19.3%,26.3%,28.0%,표본 부족,17.6%,표본 부족,12.8%,표본 부족,63.0%,,,,,,,,,,,,,,,
557,,,,,,,,,,,,,,,,,,,,,,아스트라페,표본 부족,0.0%,표본 부족,0.0%,표본 부족,0.0%,표본 부족,0.0%,표본 부족,0.0%,표본 부족,0.0%,,,,,,,,,,,,,,,
558,,,,,,,,,,,,,,,,,,,,,,점착폭탄,표본 부족,3.0%,표본 부족,0.3%,표본 부족,0.0%,표본 부족,0.0%,표본 부족,0.0%,표본 부족,0.0%,,,,,,,,,,,,,,,
559,,,,,,,,,,,,,,,,,,,,,,프리즘볼,표본 부족,0.8%,표본 부족,0.7%,표본 부족,1.8%,표본 부족,0.0%,표본 부족,0.0%,표본 부족,0.0%,,,,,,,,,,,,,,,
560,,,,,,,,,,,,,,,,,,,,,암기,미치광이왕의카드,표본 부족,0.0%,표본 부족,0.0%,표본 부족,0.0%,표본 부족,0.0%,표본 부족,0.0%,표본 부족,0.0%,,,,,,,,,,,,,,,
561,,,,,,,,,,,,,,,,,,,,,,옥전결,0.00%,8.2%,0.0%,14.7%,표본 부족,7.2%,표본 부족,2.9%,표본 부족,19.8%,표본 부족,3.7%,,,,,,,,,,,,,,,
562,,,,,,,,,,,,,,,,,,,,,,풍마수리검,1.60%,43.1%,5.6%,34.6%,15.0%,38.1%,0.6%,51.9%,표본 부족,33.7%,표본 부족,37.0%,,,,,,,,,,,,,,,
563,,,,,,,,,,,,,,,,,,,,,,빙백은침,표본 부족,0.0%,표본 부족,0.0%,표본 부족,0.0%,표본 부족,0.0%,표본 부족,0.0%,표본 부족,0.0%,,,,,,,,,,,,,,,
564,,,,,,,,,,,,,,,,,,,,,,푸른색단도,2.60%,10.5%,4.0%,16.2%,14.5%,16.5%,표본 부족,8.1%,표본 부족,5.0%,표본 부족,24.1%,,,,,,,,,,,,,,,
565,,,,,,,,,,,,,,,,,,,,,,플레솃,표본 부족,0.0%,표본 부족,0.2%,표본 부족,0.0%,표본 부족,0.0%,표본 부족,0.0%,표본 부족,0.0%,,,,,,,,,,,,,,,
566,,,,,,,,,,,,,,,,,,,,,,건곤권,0.60%,9.4%,0.0%,6.9%,표본 부족,2.7%,표본 부족,0.0%,표본 부족,5.0%,표본 부족,0.0%,,,,,,,,,,,,,,,
567,,,,,,,,,,,,,,,,,,,,,,생사부,21.10%,3.0%,34.6%,8.3%,28.3%,15.9%,표본 부족,2.3%,표본 부족,5.9%,표본 부족,20.4%,,,,,,,,,,,,,,,
568,,,,,,,,,,,,,,,,,,,,,,수다르사나,37.20%,21.5%,36.3%,18.1%,48.3%,17.4%,44.0%,31.6%,표본 부족,29.7%,표본 부족,14.8%,,,,,,,,,,,,,,,
569,,,,,,,,,,,,,,,,,,,,,,만천화우,표본 부족,0.2%,표본 부족,0.0%,표본 부족,0.6%,표본 부족,0.0%,표본 부족,0.0%,표본 부족,0.0%,,,,,,,,,,,,,,,
